Date,"Yield from British Government Securities, 10 year Nominal Zero Coupon                          IUDMNZC"
24-Dec-25,4.5996
23-Dec-25,4.5939
22-Dec-25,4.6241
19-Dec-25,4.6023
18-Dec-25,4.5593
17-Dec-25,4.5527
16-Dec-25,4.5994
15-Dec-25,4.5715
12-Dec-25,4.6004
11-Dec-25,4.5568
10-Dec-25,4.5948
09-Dec-25,4.591
08-Dec-25,4.6228
05-Dec-25,4.5571
04-Dec-25,4.5161
03-Dec-25,4.5228
02-Dec-25,4.5687
01-Dec-25,4.5653
28-Nov-25,4.5335
27-Nov-25,4.5411
26-Nov-25,4.5109
25-Nov-25,4.5705
24-Nov-25,4.6241
21-Nov-25,4.6141
20-Nov-25,4.6593
19-Nov-25,4.6836
18-Nov-25,4.6188
17-Nov-25,4.6109
14-Nov-25,4.6369
13-Nov-25,4.5054
12-Nov-25,4.4742
11-Nov-25,4.4518
10-Nov-25,4.5211
07-Nov-25,4.5251
06-Nov-25,4.5025
05-Nov-25,4.5312
04-Nov-25,4.4735
03-Nov-25,4.5073
31-Oct-25,4.4773
30-Oct-25,4.4714
29-Oct-25,4.4595
28-Oct-25,4.4618
27-Oct-25,4.4676
24-Oct-25,4.491
23-Oct-25,4.4792
22-Oct-25,4.4799
21-Oct-25,4.5433
20-Oct-25,4.5732
17-Oct-25,4.5963
16-Oct-25,4.5733
15-Oct-25,4.5964
14-Oct-25,4.6466
13-Oct-25,4.7242
10-Oct-25,4.7326
09-Oct-25,4.8086
08-Oct-25,4.7697
07-Oct-25,4.7946
06-Oct-25,4.7851
03-Oct-25,4.7535
02-Oct-25,4.7697
01-Oct-25,4.7559
30-Sep-25,4.7628
29-Sep-25,4.7588
26-Sep-25,4.8018
25-Sep-25,4.8004
24-Sep-25,4.7314
23-Sep-25,4.7433
22-Sep-25,4.7538
19-Sep-25,4.7672
18-Sep-25,4.7161
17-Sep-25,4.6686
16-Sep-25,4.6903
15-Sep-25,4.6805
12-Sep-25,4.7049
11-Sep-25,4.6563
10-Sep-25,4.6864
09-Sep-25,4.6802
08-Sep-25,4.6606
05-Sep-25,4.698
04-Sep-25,4.7826
03-Sep-25,4.8012
02-Sep-25,4.8527
01-Sep-25,4.8
29-Aug-25,4.7688
28-Aug-25,4.7462
27-Aug-25,4.7658
26-Aug-25,4.7824
22-Aug-25,4.7271
21-Aug-25,4.768
20-Aug-25,4.7103
19-Aug-25,4.7679
18-Aug-25,4.7748
15-Aug-25,4.7176
14-Aug-25,4.6667
13-Aug-25,4.6152
12-Aug-25,4.6355
11-Aug-25,4.5926
08-Aug-25,4.6241
07-Aug-25,4.574
06-Aug-25,4.5466
05-Aug-25,4.5375
04-Aug-25,4.5458
01-Aug-25,4.5727
31-Jul-25,4.6023
30-Jul-25,4.6307
29-Jul-25,4.6486
28-Jul-25,4.6816
25-Jul-25,4.6769
24-Jul-25,4.6671
23-Jul-25,4.6498
22-Jul-25,4.6051
21-Jul-25,4.6436
18-Jul-25,4.7167
17-Jul-25,4.6795
16-Jul-25,4.6728
15-Jul-25,4.6677
14-Jul-25,4.6351
11-Jul-25,4.6539
10-Jul-25,4.6239
09-Jul-25,4.6292
08-Jul-25,4.6553
07-Jul-25,4.6006
04-Jul-25,4.5742
03-Jul-25,4.5681
02-Jul-25,4.6122
01-Jul-25,4.4579
30-Jun-25,4.5139
27-Jun-25,4.5229
26-Jun-25,4.4864
25-Jun-25,4.4957
24-Jun-25,4.4648
23-Jun-25,4.5015
20-Jun-25,4.5475
19-Jun-25,4.5422
18-Jun-25,4.5103
17-Jun-25,4.5497
16-Jun-25,4.5418
13-Jun-25,4.5596
12-Jun-25,4.4966
11-Jun-25,4.5674
10-Jun-25,4.5591
09-Jun-25,4.6483
06-Jun-25,4.647
05-Jun-25,4.631
04-Jun-25,4.6288
03-Jun-25,4.6274
02-Jun-25,4.6633
30-May-25,4.6712
29-May-25,4.6661
28-May-25,4.7275
27-May-25,4.6919
23-May-25,4.7174
22-May-25,4.7744
21-May-25,4.7623
20-May-25,4.7065
19-May-25,4.665
16-May-25,4.6471
15-May-25,4.6715
14-May-25,4.7162
13-May-25,4.6536
12-May-25,4.6355
09-May-25,4.5615
08-May-25,4.5228
07-May-25,4.4597
06-May-25,4.5214
02-May-25,4.4886
01-May-25,4.4549
30-Apr-25,4.4529
29-Apr-25,4.4802
28-Apr-25,4.5026
25-Apr-25,4.4908
24-Apr-25,4.498
23-Apr-25,4.5594
22-Apr-25,4.5587
17-Apr-25,4.5617
16-Apr-25,4.6058
15-Apr-25,4.6421
14-Apr-25,4.6549
11-Apr-25,4.7442
10-Apr-25,4.6379
09-Apr-25,4.7415
08-Apr-25,4.6006
07-Apr-25,4.5989
04-Apr-25,4.4479
03-Apr-25,4.5004
02-Apr-25,4.613
01-Apr-25,4.6213
31-Mar-25,4.6611
28-Mar-25,4.688
27-Mar-25,4.7699
26-Mar-25,4.7022
25-Mar-25,4.7294
24-Mar-25,4.7025
21-Mar-25,4.676
20-Mar-25,4.6322
19-Mar-25,4.6123
18-Mar-25,4.6179
17-Mar-25,4.6027
14-Mar-25,4.6425
13-Mar-25,4.6645
12-Mar-25,4.7018
11-Mar-25,4.645
10-Mar-25,4.605
07-Mar-25,4.6249
06-Mar-25,4.6844
05-Mar-25,4.6621
04-Mar-25,4.4821
03-Mar-25,4.5463
28-Feb-25,4.4835
27-Feb-25,4.5339
26-Feb-25,4.5197
25-Feb-25,4.5084
24-Feb-25,4.5593
21-Feb-25,4.5864
20-Feb-25,4.6245
19-Feb-25,4.6198
18-Feb-25,4.5673
17-Feb-25,4.5326
14-Feb-25,4.499
13-Feb-25,4.49
12-Feb-25,4.5745
11-Feb-25,4.5261
10-Feb-25,4.4678
07-Feb-25,4.4939
06-Feb-25,4.4685
05-Feb-25,4.4421
04-Feb-25,4.5374
03-Feb-25,4.4963
31-Jan-25,4.5379
30-Jan-25,4.56
29-Jan-25,4.5984
28-Jan-25,4.611
27-Jan-25,4.5779
24-Jan-25,4.6273
23-Jan-25,4.6273
22-Jan-25,4.5995
21-Jan-25,4.5933
20-Jan-25,4.6603
17-Jan-25,4.6483
16-Jan-25,4.6725
15-Jan-25,4.7079
14-Jan-25,4.8856
13-Jan-25,4.8725
10-Jan-25,4.8469
09-Jan-25,4.7985
08-Jan-25,4.7951
07-Jan-25,4.6745
06-Jan-25,4.6156
03-Jan-25,4.5876
02-Jan-25,4.5777
31-Dec-24,4.5701
30-Dec-24,4.5959
27-Dec-24,4.6235
24-Dec-24,4.5926
23-Dec-24,4.5569
20-Dec-24,4.5181
19-Dec-24,4.5773
18-Dec-24,4.5372
17-Dec-24,4.4999
16-Dec-24,4.4232
13-Dec-24,4.3913
12-Dec-24,4.3265
11-Dec-24,4.3003
10-Dec-24,4.3027
09-Dec-24,4.253
06-Dec-24,4.2633
05-Dec-24,4.2561
04-Dec-24,4.2243
03-Dec-24,4.2246
02-Dec-24,4.2086
29-Nov-24,4.2333
28-Nov-24,4.2583
27-Nov-24,4.2854
26-Nov-24,4.3366
25-Nov-24,4.3108
22-Nov-24,4.3735
21-Nov-24,4.4132
20-Nov-24,4.4565
19-Nov-24,4.4139
18-Nov-24,4.4537
15-Nov-24,4.4545
14-Nov-24,4.4712
13-Nov-24,4.4871
12-Nov-24,4.4459
11-Nov-24,4.391
08-Nov-24,4.4052
07-Nov-24,4.4681
06-Nov-24,4.5364
05-Nov-24,4.4883
04-Nov-24,4.4163
01-Nov-24,4.4259
31-Oct-24,4.4096
30-Oct-24,4.3271
29-Oct-24,4.2856
28-Oct-24,4.2365
25-Oct-24,4.1986
24-Oct-24,4.2022
23-Oct-24,4.2026
22-Oct-24,4.1464
21-Oct-24,4.1116
18-Oct-24,4.0509
17-Oct-24,4.0897
16-Oct-24,4.0433
15-Oct-24,4.1459
14-Oct-24,4.2268
11-Oct-24,4.2004
10-Oct-24,4.2108
09-Oct-24,4.1644
08-Oct-24,4.1746
07-Oct-24,4.1838
04-Oct-24,4.1124
03-Oct-24,3.9959
02-Oct-24,4.0228
01-Oct-24,3.9205
30-Sep-24,3.9915
27-Sep-24,3.9752
26-Sep-24,3.9675
25-Sep-24,3.971
24-Sep-24,3.9146
23-Sep-24,3.9149
20-Sep-24,3.8943
19-Sep-24,3.8668
18-Sep-24,3.8254
17-Sep-24,3.7487
16-Sep-24,3.7344
13-Sep-24,3.7499
12-Sep-24,3.7585
11-Sep-24,3.7245
10-Sep-24,3.8099
09-Sep-24,3.8396
06-Sep-24,3.857
05-Sep-24,3.8916
04-Sep-24,3.8975
03-Sep-24,3.95
02-Sep-24,4.0197
30-Aug-24,3.971
29-Aug-24,3.9903
28-Aug-24,3.9693
27-Aug-24,3.9632
23-Aug-24,3.8964
22-Aug-24,3.9478
21-Aug-24,3.8863
20-Aug-24,3.8991
19-Aug-24,3.9267
16-Aug-24,3.9095
15-Aug-24,3.9111
14-Aug-24,3.8112
13-Aug-24,3.8686
12-Aug-24,3.9252
09-Aug-24,3.9293
08-Aug-24,3.9571
07-Aug-24,3.9515
06-Aug-24,3.9
05-Aug-24,3.8451
02-Aug-24,3.8364
01-Aug-24,3.861
31-Jul-24,3.9721
30-Jul-24,4.0268
29-Jul-24,4.0317
26-Jul-24,4.0849
25-Jul-24,4.111
24-Jul-24,4.1302
23-Jul-24,4.1162
22-Jul-24,4.1173
19-Jul-24,4.1025
18-Jul-24,4.0243
17-Jul-24,4.0577
16-Jul-24,4.0528
15-Jul-24,4.0801
12-Jul-24,4.0936
11-Jul-24,4.0551
10-Jul-24,4.1106
09-Jul-24,4.1429
08-Jul-24,4.0866
05-Jul-24,4.1037
04-Jul-24,4.1771
03-Jul-24,4.1377
02-Jul-24,4.2249
01-Jul-24,4.251
28-Jun-24,4.1534
27-Jun-24,4.1054
26-Jun-24,4.1106
25-Jun-24,4.0439
24-Jun-24,4.0571
21-Jun-24,4.0538
20-Jun-24,4.0351
19-Jun-24,4.0495
18-Jun-24,4.0314
17-Jun-24,4.0765
14-Jun-24,4.0186
13-Jun-24,4.118
12-Jun-24,4.1044
11-Jun-24,4.2327
10-Jun-24,4.287
07-Jun-24,4.2216
06-Jun-24,4.1358
05-Jun-24,4.1455
04-Jun-24,4.1442
03-Jun-24,4.195
31-May-24,4.2693
30-May-24,4.3253
29-May-24,4.3476
28-May-24,4.2294
24-May-24,4.2137
23-May-24,4.219
22-May-24,4.1893
21-May-24,4.109
20-May-24,4.1326
17-May-24,4.0886
16-May-24,4.0184
15-May-24,4.0232
14-May-24,4.126
13-May-24,4.1253
10-May-24,4.1261
09-May-24,4.1053
08-May-24,4.0929
07-May-24,4.0893
03-May-24,4.1976
02-May-24,4.2587
01-May-24,4.3286
30-Apr-24,4.316
29-Apr-24,4.2423
26-Apr-24,4.2794
25-Apr-24,4.3175
24-Apr-24,4.2923
23-Apr-24,4.2149
22-Apr-24,4.1684
19-Apr-24,4.2108
18-Apr-24,4.2164
17-Apr-24,4.2351
16-Apr-24,4.2578
15-Apr-24,4.2034
12-Apr-24,4.0902
11-Apr-24,4.1769
10-Apr-24,4.0934
09-Apr-24,3.9912
08-Apr-24,4.0553
05-Apr-24,4.0394
04-Apr-24,3.9755
03-Apr-24,4.0392
02-Apr-24,4.0494
28-Mar-24,3.8917
27-Mar-24,3.9078
26-Mar-24,3.9338
25-Mar-24,3.9538
22-Mar-24,3.8991
21-Mar-24,3.9509
20-Mar-24,3.9722
19-Mar-24,4.0077
18-Mar-24,4.0415
15-Mar-24,4.0523
14-Mar-24,4.0388
13-Mar-24,3.9657
12-Mar-24,3.9009
11-Mar-24,3.9233
08-Mar-24,3.9339
07-Mar-24,3.9555
06-Mar-24,3.9585
05-Mar-24,3.9553
04-Mar-24,4.0828
01-Mar-24,4.0525
29-Feb-24,4.0735
28-Feb-24,4.1356
27-Feb-24,4.1329
26-Feb-24,4.0935
23-Feb-24,4.0714
22-Feb-24,4.1092
21-Feb-24,4.1104
20-Feb-24,4.0751
19-Feb-24,4.1347
16-Feb-24,4.127
15-Feb-24,4.0715
14-Feb-24,4.0805
13-Feb-24,4.1565
12-Feb-24,4.0941
09-Feb-24,4.1114
08-Feb-24,4.0709
07-Feb-24,3.9957
06-Feb-24,3.977
05-Feb-24,4.0681
02-Feb-24,3.9514
01-Feb-24,3.7828
31-Jan-24,3.8427
30-Jan-24,3.9555
29-Jan-24,3.948
26-Jan-24,4.0169
25-Jan-24,4.0115
24-Jan-24,4.0387
23-Jan-24,4.0145
22-Jan-24,3.9277
19-Jan-24,3.9613
18-Jan-24,3.9775
17-Jan-24,4.0095
16-Jan-24,3.8556
15-Jan-24,3.8475
12-Jan-24,3.8448
11-Jan-24,3.8791
10-Jan-24,3.8374
09-Jan-24,3.8169
08-Jan-24,3.8078
05-Jan-24,3.7869
04-Jan-24,3.7474
03-Jan-24,3.7114
02-Jan-24,3.6776
29-Dec-23,3.5803
28-Dec-23,3.5144
27-Dec-23,3.4787
22-Dec-23,3.5323
21-Dec-23,3.5577
20-Dec-23,3.5712
19-Dec-23,3.6611
18-Dec-23,3.7167
15-Dec-23,3.7223
14-Dec-23,3.8064
13-Dec-23,3.8472
12-Dec-23,3.9778
11-Dec-23,4.0888
08-Dec-23,4.0283
07-Dec-23,3.9854
06-Dec-23,3.9694
05-Dec-23,4.0276
04-Dec-23,4.1874
01-Dec-23,4.1664
30-Nov-23,4.1773
29-Nov-23,4.0955
28-Nov-23,4.1689
27-Nov-23,4.2152
24-Nov-23,4.2885
23-Nov-23,4.2365
22-Nov-23,4.1607
21-Nov-23,4.1005
20-Nov-23,4.1265
17-Nov-23,4.1094
16-Nov-23,4.1182
15-Nov-23,4.2039
14-Nov-23,4.1548
13-Nov-23,4.3251
10-Nov-23,4.3173
09-Nov-23,4.2685
08-Nov-23,4.2386
07-Nov-23,4.2795
06-Nov-23,4.3666
03-Nov-23,4.293
02-Nov-23,4.383
01-Nov-23,4.4798
31-Oct-23,4.5067
30-Oct-23,4.5623
27-Oct-23,4.5358
26-Oct-23,4.591
25-Oct-23,4.5971
24-Oct-23,4.5509
23-Oct-23,4.6085
20-Oct-23,4.6449
19-Oct-23,4.6651
18-Oct-23,4.6263
17-Oct-23,4.5067
16-Oct-23,4.4575
13-Oct-23,4.3747
12-Oct-23,4.3927
11-Oct-23,4.3063
10-Oct-23,4.424
09-Oct-23,4.4775
06-Oct-23,4.5791
05-Oct-23,4.5238
04-Oct-23,4.5812
03-Oct-23,4.5578
02-Oct-23,4.5236
29-Sep-23,4.3923
28-Sep-23,4.5121
27-Sep-23,4.3219
26-Sep-23,4.2969
25-Sep-23,4.2906
22-Sep-23,4.222
21-Sep-23,4.2514
20-Sep-23,4.1982
19-Sep-23,4.3027
18-Sep-23,4.3556
15-Sep-23,4.308
14-Sep-23,4.2251
13-Sep-23,4.3033
12-Sep-23,4.371
11-Sep-23,4.4295
08-Sep-23,4.3609
07-Sep-23,4.4205
06-Sep-23,4.4751
05-Sep-23,4.4451
04-Sep-23,4.402
01-Sep-23,4.3443
31-Aug-23,4.292
30-Aug-23,4.3564
29-Aug-23,4.3714
25-Aug-23,4.3832
24-Aug-23,4.359
23-Aug-23,4.4118
22-Aug-23,4.5956
21-Aug-23,4.6537
18-Aug-23,4.6084
17-Aug-23,4.6445
16-Aug-23,4.5505
15-Aug-23,4.5246
14-Aug-23,4.4942
11-Aug-23,4.4533
10-Aug-23,4.2945
09-Aug-23,4.3044
08-Aug-23,4.3142
07-Aug-23,4.3814
04-Aug-23,4.3269
03-Aug-23,4.3899
02-Aug-23,4.3168
01-Aug-23,4.3071
31-Jul-23,4.2135
28-Jul-23,4.2372
27-Jul-23,4.2295
26-Jul-23,4.1971
25-Jul-23,4.1896
24-Jul-23,4.1648
21-Jul-23,4.1803
20-Jul-23,4.1812
19-Jul-23,4.1158
18-Jul-23,4.2532
17-Jul-23,4.3617
14-Jul-23,4.3371
13-Jul-23,4.3601
12-Jul-23,4.4337
11-Jul-23,4.5576
10-Jul-23,4.5447
07-Jul-23,4.5455
06-Jul-23,4.5406
05-Jul-23,4.3826
04-Jul-23,4.3143
03-Jul-23,4.3323
30-Jun-23,4.2884
29-Jun-23,4.2652
28-Jun-23,4.2383
27-Jun-23,4.284
26-Jun-23,4.1999
23-Jun-23,4.2158
22-Jun-23,4.2892
21-Jun-23,4.3187
20-Jun-23,4.2451
19-Jun-23,4.4053
16-Jun-23,4.3298
15-Jun-23,4.3164
14-Jun-23,4.329
13-Jun-23,4.361
12-Jun-23,4.2551
09-Jun-23,4.1629
08-Jun-23,4.1886
07-Jun-23,4.1671
06-Jun-23,4.1437
05-Jun-23,4.1464
02-Jun-23,4.0871
01-Jun-23,4.0651
31-May-23,4.1155
30-May-23,4.1883
26-May-23,4.2932
25-May-23,4.3025
24-May-23,4.1376
23-May-23,4.1156
22-May-23,4.002
19-May-23,3.968
18-May-23,3.9169
17-May-23,3.7846
16-May-23,3.7773
15-May-23,3.7779
12-May-23,3.7302
11-May-23,3.6715
10-May-23,3.7511
09-May-23,3.7891
05-May-23,3.7292
04-May-23,3.6409
03-May-23,3.65
02-May-23,3.6269
28-Apr-23,3.6783
27-Apr-23,3.7406
26-Apr-23,3.6574
25-Apr-23,3.6396
24-Apr-23,3.7151
21-Apr-23,3.7231
20-Apr-23,3.7354
19-Apr-23,3.8049
18-Apr-23,3.6959
17-Apr-23,3.657
14-Apr-23,3.6085
13-Apr-23,3.5207
12-Apr-23,3.5235
11-Apr-23,3.4981
06-Apr-23,3.3977
05-Apr-23,3.404
04-Apr-23,3.3963
03-Apr-23,3.3628
31-Mar-23,3.4781
30-Mar-23,3.4719
29-Mar-23,3.4105
28-Mar-23,3.4124
27-Mar-23,3.3268
24-Mar-23,3.2375
23-Mar-23,3.3224
22-Mar-23,3.428
21-Mar-23,3.3377
20-Mar-23,3.285
17-Mar-23,3.2315
16-Mar-23,3.319
15-Mar-23,3.2957
14-Mar-23,3.4648
13-Mar-23,3.3381
10-Mar-23,3.556
09-Mar-23,3.7376
08-Mar-23,3.6903
07-Mar-23,3.7715
06-Mar-23,3.793
03-Mar-23,3.8245
02-Mar-23,3.8239
01-Mar-23,3.7959
28-Feb-23,3.7806
27-Feb-23,3.7797
24-Feb-23,3.7337
23-Feb-23,3.6798
22-Feb-23,3.6732
21-Feb-23,3.7004
20-Feb-23,3.5722
17-Feb-23,3.6157
16-Feb-23,3.5894
15-Feb-23,3.5463
14-Feb-23,3.5809
13-Feb-23,3.4942
10-Feb-23,3.4792
09-Feb-23,3.384
08-Feb-23,3.3932
07-Feb-23,3.3729
06-Feb-23,3.3253
03-Feb-23,3.162
02-Feb-23,3.1011
01-Feb-23,3.4169
31-Jan-23,3.4113
30-Jan-23,3.401
27-Jan-23,3.4077
26-Jan-23,3.3924
25-Jan-23,3.3419
24-Jan-23,3.366
23-Jan-23,3.4278
20-Jan-23,3.4154
19-Jan-23,3.3627
18-Jan-23,3.3646
17-Jan-23,3.4035
16-Jan-23,3.4515
13-Jan-23,3.421
12-Jan-23,3.4164
11-Jan-23,3.4642
10-Jan-23,3.6194
09-Jan-23,3.614
06-Jan-23,3.5511
05-Jan-23,3.6311
04-Jan-23,3.5766
03-Jan-23,3.7084
30-Dec-22,3.7312
29-Dec-22,3.7416
28-Dec-22,3.7272
23-Dec-22,3.6767
22-Dec-22,3.6422
21-Dec-22,3.62
20-Dec-22,3.662
19-Dec-22,3.5326
16-Dec-22,3.4179
15-Dec-22,3.2988
14-Dec-22,3.3973
13-Dec-22,3.3452
12-Dec-22,3.2922
09-Dec-22,3.2488
08-Dec-22,3.1667
07-Dec-22,3.1417
06-Dec-22,3.1651
05-Dec-22,3.1801
02-Dec-22,3.254
01-Dec-22,3.1981
30-Nov-22,3.2515
29-Nov-22,3.1737
28-Nov-22,3.1932
25-Nov-22,3.2018
24-Nov-22,3.1054
23-Nov-22,3.078
22-Nov-22,3.2208
21-Nov-22,3.2554
18-Nov-22,3.3129
17-Nov-22,3.277
16-Nov-22,3.2255
15-Nov-22,3.384
14-Nov-22,3.4335
11-Nov-22,3.432
10-Nov-22,3.3474
09-Nov-22,3.5229
08-Nov-22,3.6336
07-Nov-22,3.7038
04-Nov-22,3.63
03-Nov-22,3.5795
02-Nov-22,3.512
01-Nov-22,3.5422
31-Oct-22,3.6167
28-Oct-22,3.5362
27-Oct-22,3.5847
26-Oct-22,3.6771
25-Oct-22,3.7265
24-Oct-22,3.8207
21-Oct-22,4.1101
20-Oct-22,3.9214
19-Oct-22,3.9383
18-Oct-22,3.9967
17-Oct-22,4.0661
14-Oct-22,4.3868
13-Oct-22,4.3034
12-Oct-22,4.5387
11-Oct-22,4.4839
10-Oct-22,4.5445
07-Oct-22,4.2826
06-Oct-22,4.2134
05-Oct-22,4.0527
04-Oct-22,3.9036
03-Oct-22,3.9766
30-Sep-22,4.1021
29-Sep-22,4.121
28-Sep-22,4.0517
27-Sep-22,4.4341
26-Sep-22,4.1817
23-Sep-22,3.8426
22-Sep-22,3.5516
21-Sep-22,3.3695
20-Sep-22,3.3364
16-Sep-22,3.2056
15-Sep-22,3.1921
14-Sep-22,3.174
13-Sep-22,3.1928
12-Sep-22,3.1065
09-Sep-22,3.1724
08-Sep-22,3.2052
07-Sep-22,3.0732
06-Sep-22,3.0907
05-Sep-22,2.9703
02-Sep-22,2.9584
01-Sep-22,2.9689
31-Aug-22,2.8624
30-Aug-22,2.7712
26-Aug-22,2.6461
25-Aug-22,2.661
24-Aug-22,2.7218
23-Aug-22,2.5987
22-Aug-22,2.5446
19-Aug-22,2.4607
18-Aug-22,2.3378
17-Aug-22,2.3349
16-Aug-22,2.1948
15-Aug-22,2.0804
12-Aug-22,2.1801
11-Aug-22,2.1265
10-Aug-22,2.002
09-Aug-22,2.0349
08-Aug-22,2.0009
05-Aug-22,2.0884
04-Aug-22,1.9273
03-Aug-22,1.9725
02-Aug-22,1.8854
01-Aug-22,1.8509
29-Jul-22,1.9277
28-Jul-22,1.9204
27-Jul-22,2.019
26-Jul-22,1.9855
25-Jul-22,2.0247
22-Jul-22,2.0209
21-Jul-22,2.114
20-Jul-22,2.2179
19-Jul-22,2.275
18-Jul-22,2.2327
15-Jul-22,2.1715
14-Jul-22,2.1635
13-Jul-22,2.139
12-Jul-22,2.1496
11-Jul-22,2.2328
08-Jul-22,2.2736
07-Jul-22,2.1623
06-Jul-22,2.1388
05-Jul-22,2.1281
04-Jul-22,2.2503
01-Jul-22,2.1203
30-Jun-22,2.2942
29-Jun-22,2.3966
28-Jun-22,2.4864
27-Jun-22,2.4003
24-Jun-22,2.3145
23-Jun-22,2.3027
22-Jun-22,2.474
21-Jun-22,2.6398
20-Jun-22,2.5934
17-Jun-22,2.4922
16-Jun-22,2.5136
15-Jun-22,2.4538
14-Jun-22,2.5454
13-Jun-22,2.4927
10-Jun-22,2.4145
09-Jun-22,2.3182
08-Jun-22,2.2409
07-Jun-22,2.2042
06-Jun-22,2.2539
01-Jun-22,2.1457
31-May-22,2.1303
30-May-22,2.0008
27-May-22,1.946
26-May-22,1.9959
25-May-22,1.9249
24-May-22,1.8786
23-May-22,1.987
20-May-22,1.9003
19-May-22,1.8728
18-May-22,1.8691
17-May-22,1.8909
16-May-22,1.7549
13-May-22,1.7617
12-May-22,1.7176
11-May-22,1.8818
10-May-22,1.8602
09-May-22,1.9667
06-May-22,2.0192
05-May-22,1.9634
04-May-22,1.9782
03-May-22,1.9526
29-Apr-22,1.9191
28-Apr-22,1.8782
27-Apr-22,1.8232
26-Apr-22,1.7962
25-Apr-22,1.8459
22-Apr-22,1.9537
21-Apr-22,1.9812
20-Apr-22,1.9175
19-Apr-22,1.9894
14-Apr-22,1.8839
13-Apr-22,1.8099
12-Apr-22,1.8041
11-Apr-22,1.8458
08-Apr-22,1.7629
07-Apr-22,1.7334
06-Apr-22,1.7254
05-Apr-22,1.6662
04-Apr-22,1.5643
01-Apr-22,1.6308
31-Mar-22,1.6264
30-Mar-22,1.6641
29-Mar-22,1.6508
28-Mar-22,1.6136
25-Mar-22,1.6791
24-Mar-22,1.6353
23-Mar-22,1.6472
22-Mar-22,1.6989
21-Mar-22,1.6163
18-Mar-22,1.4975
17-Mar-22,1.5756
16-Mar-22,1.6248
15-Mar-22,1.5674
14-Mar-22,1.6034
11-Mar-22,1.5226
10-Mar-22,1.5176
09-Mar-22,1.5069
08-Mar-22,1.4186
07-Mar-22,1.2918
04-Mar-22,1.2012
03-Mar-22,1.3142
02-Mar-22,1.2544
01-Mar-22,1.1579
28-Feb-22,1.4274
25-Feb-22,1.4673
24-Feb-22,1.4594
23-Feb-22,1.4832
22-Feb-22,1.4786
21-Feb-22,1.4099
18-Feb-22,1.3936
17-Feb-22,1.4731
16-Feb-22,1.5264
15-Feb-22,1.5768
14-Feb-22,1.5721
11-Feb-22,1.5381
10-Feb-22,1.5219
09-Feb-22,1.4325
08-Feb-22,1.504
07-Feb-22,1.4257
04-Feb-22,1.417
03-Feb-22,1.3857
02-Feb-22,1.2628
01-Feb-22,1.3208
31-Jan-22,1.3238
28-Jan-22,1.2548
27-Jan-22,1.2432
26-Jan-22,1.2166
25-Jan-22,1.1661
24-Jan-22,1.1369
21-Jan-22,1.1811
20-Jan-22,1.2395
19-Jan-22,1.2779
18-Jan-22,1.2239
17-Jan-22,1.1952
14-Jan-22,1.1568
13-Jan-22,1.1252
12-Jan-22,1.1558
11-Jan-22,1.1781
10-Jan-22,1.199
07-Jan-22,1.1849
06-Jan-22,1.1575
05-Jan-22,1.0863
04-Jan-22,1.0842
31-Dec-21,0.9785
30-Dec-21,0.9831
29-Dec-21,1.0195
24-Dec-21,0.9267
23-Dec-21,0.941
22-Dec-21,0.8996
21-Dec-21,0.8847
20-Dec-21,0.7772
17-Dec-21,0.7756
16-Dec-21,0.7525
15-Dec-21,0.7286
14-Dec-21,0.7242
13-Dec-21,0.7053
10-Dec-21,0.7239
09-Dec-21,0.7479
08-Dec-21,0.7546
07-Dec-21,0.7234
06-Dec-21,0.7347
03-Dec-21,0.7686
02-Dec-21,0.7997
01-Dec-21,0.8379
30-Nov-21,0.8244
29-Nov-21,0.8497
26-Nov-21,0.8111
25-Nov-21,0.9682
24-Nov-21,1.0121
23-Nov-21,0.9777
22-Nov-21,0.9381
19-Nov-21,0.8882
18-Nov-21,0.9367
17-Nov-21,0.9809
16-Nov-21,0.9716
15-Nov-21,0.954
12-Nov-21,0.9197
11-Nov-21,0.9179
10-Nov-21,0.9261
09-Nov-21,0.8219
08-Nov-21,0.8549
05-Nov-21,0.8401
04-Nov-21,0.9528
03-Nov-21,1.068
02-Nov-21,1.0298
01-Nov-21,1.0689
29-Oct-21,1.0393
28-Oct-21,0.9791
27-Oct-21,0.9751
26-Oct-21,1.1108
25-Oct-21,1.1374
22-Oct-21,1.1595
21-Oct-21,1.2055
20-Oct-21,1.1482
19-Oct-21,1.1458
18-Oct-21,1.118
15-Oct-21,1.0897
14-Oct-21,1.0428
13-Oct-21,1.0627
12-Oct-21,1.1504
11-Oct-21,1.1906
08-Oct-21,1.1683
07-Oct-21,1.0881
06-Oct-21,1.084
05-Oct-21,1.1005
04-Oct-21,1.0147
01-Oct-21,1.0273
30-Sep-21,1.0429
29-Sep-21,0.988
28-Sep-21,0.9953
27-Sep-21,0.9543
24-Sep-21,0.9297
23-Sep-21,0.8961
22-Sep-21,0.793
21-Sep-21,0.7932
20-Sep-21,0.7977
17-Sep-21,0.8473
16-Sep-21,0.7999
15-Sep-21,0.7539
14-Sep-21,0.7322
13-Sep-21,0.7404
10-Sep-21,0.7403
09-Sep-21,0.7329
08-Sep-21,0.7258
07-Sep-21,0.7355
06-Sep-21,0.6867
03-Sep-21,0.7077
02-Sep-21,0.6762
01-Sep-21,0.6901
31-Aug-21,0.7138
27-Aug-21,0.6694
26-Aug-21,0.6808
25-Aug-21,0.6824
24-Aug-21,0.6222
23-Aug-21,0.621
20-Aug-21,0.6078
19-Aug-21,0.6233
18-Aug-21,0.648
17-Aug-21,0.6399
16-Aug-21,0.6492
13-Aug-21,0.6583
12-Aug-21,0.6773
11-Aug-21,0.658
10-Aug-21,0.6609
09-Aug-21,0.6586
06-Aug-21,0.698
05-Aug-21,0.6043
04-Aug-21,0.6135
03-Aug-21,0.5994
02-Aug-21,0.6273
30-Jul-21,0.65
29-Jul-21,0.6516
28-Jul-21,0.6543
27-Jul-21,0.647
26-Jul-21,0.6549
23-Jul-21,0.6693
22-Jul-21,0.6521
21-Jul-21,0.6849
20-Jul-21,0.6321
19-Jul-21,0.6317
16-Jul-21,0.7141
15-Jul-21,0.757
14-Jul-21,0.7173
13-Jul-21,0.7115
12-Jul-21,0.7375
09-Jul-21,0.7555
08-Jul-21,0.689
07-Jul-21,0.6896
06-Jul-21,0.7263
05-Jul-21,0.8145
02-Jul-21,0.805
01-Jul-21,0.8274
30-Jun-21,0.8202
29-Jun-21,0.8316
28-Jun-21,0.8296
25-Jun-21,0.8728
24-Jun-21,0.8394
23-Jun-21,0.8783
22-Jun-21,0.8776
21-Jun-21,0.8569
18-Jun-21,0.8507
17-Jun-21,0.888
16-Jun-21,0.848
15-Jun-21,0.8621
14-Jun-21,0.8374
11-Jun-21,0.8137
10-Jun-21,0.8575
09-Jun-21,0.8366
08-Jun-21,0.8784
07-Jun-21,0.9104
04-Jun-21,0.896
03-Jun-21,0.9352
02-Jun-21,0.902
01-Jun-21,0.93
28-May-21,0.8888
27-May-21,0.9099
26-May-21,0.8509
25-May-21,0.8893
24-May-21,0.9118
21-May-21,0.9371
20-May-21,0.944
19-May-21,0.9418
18-May-21,0.9624
17-May-21,0.9677
14-May-21,0.9662
13-May-21,1.0004
12-May-21,0.9868
11-May-21,0.934
10-May-21,0.8803
07-May-21,0.8565
06-May-21,0.8773
05-May-21,0.908
04-May-21,0.8843
30-Apr-21,0.931
29-Apr-21,0.9348
28-Apr-21,0.8871
27-Apr-21,0.8591
26-Apr-21,0.845
23-Apr-21,0.8386
22-Apr-21,0.82
21-Apr-21,0.8353
20-Apr-21,0.8242
19-Apr-21,0.8461
16-Apr-21,0.8558
15-Apr-21,0.8173
14-Apr-21,0.8974
13-Apr-21,0.8757
12-Apr-21,0.8836
09-Apr-21,0.8717
08-Apr-21,0.8477
07-Apr-21,0.8742
06-Apr-21,0.8821
01-Apr-21,0.8859
31-Mar-21,0.9282
30-Mar-21,0.9257
29-Mar-21,0.8751
26-Mar-21,0.8384
25-Mar-21,0.8174
24-Mar-21,0.8364
23-Mar-21,0.8528
22-Mar-21,0.9057
19-Mar-21,0.9272
18-Mar-21,0.9621
17-Mar-21,0.9178
16-Mar-21,0.8698
15-Mar-21,0.8759
12-Mar-21,0.9087
11-Mar-21,0.8245
10-Mar-21,0.7955
09-Mar-21,0.8016
08-Mar-21,0.8272
05-Mar-21,0.8444
04-Mar-21,0.8064
03-Mar-21,0.8465
02-Mar-21,0.7774
01-Mar-21,0.8372
26-Feb-21,0.8926
25-Feb-21,0.8598
24-Feb-21,0.8381
23-Feb-21,0.7919
22-Feb-21,0.7513
19-Feb-21,0.7566
18-Feb-21,0.685
17-Feb-21,0.6335
16-Feb-21,0.6786
15-Feb-21,0.6274
12-Feb-21,0.5738
11-Feb-21,0.5197
10-Feb-21,0.5353
09-Feb-21,0.5139
08-Feb-21,0.5345
05-Feb-21,0.5417
04-Feb-21,0.4871
03-Feb-21,0.4173
02-Feb-21,0.3986
01-Feb-21,0.3694
29-Jan-21,0.372
28-Jan-21,0.3276
27-Jan-21,0.3155
26-Jan-21,0.3195
25-Jan-21,0.3108
22-Jan-21,0.3624
21-Jan-21,0.3769
20-Jan-21,0.3468
19-Jan-21,0.3331
18-Jan-21,0.344
15-Jan-21,0.3387
14-Jan-21,0.3347
13-Jan-21,0.3544
12-Jan-21,0.3987
11-Jan-21,0.354
08-Jan-21,0.3371
07-Jan-21,0.3395
06-Jan-21,0.2849
05-Jan-21,0.2543
04-Jan-21,0.229
31-Dec-20,0.2308
30-Dec-20,0.2552
29-Dec-20,0.2523
24-Dec-20,0.2952
23-Dec-20,0.346
22-Dec-20,0.2233
21-Dec-20,0.2404
18-Dec-20,0.2815
17-Dec-20,0.3121
16-Dec-20,0.3201
15-Dec-20,0.3023
14-Dec-20,0.2646
11-Dec-20,0.2077
10-Dec-20,0.2456
09-Dec-20,0.2974
08-Dec-20,0.2969
07-Dec-20,0.3221
04-Dec-20,0.3944
03-Dec-20,0.3758
02-Dec-20,0.3999
01-Dec-20,0.4066
30-Nov-20,0.3555
27-Nov-20,0.3403
26-Nov-20,0.3232
25-Nov-20,0.3562
24-Nov-20,0.3708
23-Nov-20,0.3684
20-Nov-20,0.3471
19-Nov-20,0.3712
18-Nov-20,0.3798
17-Nov-20,0.3712
16-Nov-20,0.3916
13-Nov-20,0.3802
12-Nov-20,0.3987
11-Nov-20,0.459
10-Nov-20,0.4447
09-Nov-20,0.4241
06-Nov-20,0.3204
05-Nov-20,0.2781
04-Nov-20,0.2479
03-Nov-20,0.3144
02-Nov-20,0.2634
30-Oct-20,0.2976
29-Oct-20,0.2566
28-Oct-20,0.2531
27-Oct-20,0.2737
26-Oct-20,0.3235
23-Oct-20,0.3274
22-Oct-20,0.3261
21-Oct-20,0.2777
20-Oct-20,0.2319
19-Oct-20,0.2121
16-Oct-20,0.2174
15-Oct-20,0.2149
14-Oct-20,0.2617
13-Oct-20,0.2737
12-Oct-20,0.3137
09-Oct-20,0.3109
08-Oct-20,0.3282
07-Oct-20,0.3405
06-Oct-20,0.3241
05-Oct-20,0.3187
02-Oct-20,0.2877
01-Oct-20,0.2667
30-Sep-20,0.2562
29-Sep-20,0.216
28-Sep-20,0.2376
25-Sep-20,0.2205
24-Sep-20,0.2468
23-Sep-20,0.2651
22-Sep-20,0.2368
21-Sep-20,0.195
18-Sep-20,0.2185
17-Sep-20,0.219
16-Sep-20,0.2564
15-Sep-20,0.2554
14-Sep-20,0.2384
11-Sep-20,0.2234
10-Sep-20,0.2819
09-Sep-20,0.2803
08-Sep-20,0.2172
07-Sep-20,0.291
04-Sep-20,0.2928
03-Sep-20,0.2682
02-Sep-20,0.2791
01-Sep-20,0.3495
28-Aug-20,0.3533
27-Aug-20,0.3839
26-Aug-20,0.3499
25-Aug-20,0.3124
24-Aug-20,0.2497
21-Aug-20,0.2542
20-Aug-20,0.2679
19-Aug-20,0.2721
18-Aug-20,0.2583
17-Aug-20,0.2591
14-Aug-20,0.2862
13-Aug-20,0.2852
12-Aug-20,0.2761
11-Aug-20,0.2421
10-Aug-20,0.1702
07-Aug-20,0.1804
06-Aug-20,0.1389
05-Aug-20,0.165
04-Aug-20,0.1114
03-Aug-20,0.1317
31-Jul-20,0.1252
30-Jul-20,0.1171
29-Jul-20,0.1502
28-Jul-20,0.1382
27-Jul-20,0.1417
24-Jul-20,0.1767
23-Jul-20,0.1495
22-Jul-20,0.1455
21-Jul-20,0.1651
20-Jul-20,0.1734
17-Jul-20,0.1849
16-Jul-20,0.1588
15-Jul-20,0.1943
14-Jul-20,0.1707
13-Jul-20,0.2114
10-Jul-20,0.1705
09-Jul-20,0.1776
08-Jul-20,0.2002
07-Jul-20,0.2041
06-Jul-20,0.221
03-Jul-20,0.2073
02-Jul-20,0.2083
01-Jul-20,0.237
30-Jun-20,0.1917
29-Jun-20,0.1779
26-Jun-20,0.1934
25-Jun-20,0.1827
24-Jun-20,0.215
23-Jun-20,0.2366
22-Jun-20,0.2143
19-Jun-20,0.2555
18-Jun-20,0.2429
17-Jun-20,0.1975
16-Jun-20,0.2091
15-Jun-20,0.2179
12-Jun-20,0.2169
11-Jun-20,0.2003
10-Jun-20,0.2741
09-Jun-20,0.332
08-Jun-20,0.3471
05-Jun-20,0.3668
04-Jun-20,0.3202
03-Jun-20,0.2946
02-Jun-20,0.2294
01-Jun-20,0.2346
29-May-20,0.1845
28-May-20,0.2045
27-May-20,0.1892
26-May-20,0.2212
22-May-20,0.181
21-May-20,0.186
20-May-20,0.2547
19-May-20,0.265
18-May-20,0.2723
15-May-20,0.2453
14-May-20,0.2329
13-May-20,0.2374
12-May-20,0.2629
11-May-20,0.2753
07-May-20,0.2482
06-May-20,0.2426
05-May-20,0.2098
04-May-20,0.2367
01-May-20,0.2711
30-Apr-20,0.2439
29-Apr-20,0.3026
28-Apr-20,0.3023
27-Apr-20,0.3197
24-Apr-20,0.2961
23-Apr-20,0.2977
22-Apr-20,0.3157
21-Apr-20,0.2907
20-Apr-20,0.3284
17-Apr-20,0.2916
16-Apr-20,0.2919
15-Apr-20,0.2926
14-Apr-20,0.3275
09-Apr-20,0.3122
08-Apr-20,0.383
07-Apr-20,0.3968
06-Apr-20,0.3389
03-Apr-20,0.3247
02-Apr-20,0.3376
01-Apr-20,0.315
31-Mar-20,0.3616
30-Mar-20,0.3111
27-Mar-20,0.3415
26-Mar-20,0.3654
25-Mar-20,0.4298
24-Mar-20,0.4432
23-Mar-20,0.3931
20-Mar-20,0.5273
19-Mar-20,0.8325
18-Mar-20,0.8101
17-Mar-20,0.5499
16-Mar-20,0.4788
13-Mar-20,0.4009
12-Mar-20,0.2827
11-Mar-20,0.2867
10-Mar-20,0.2189
09-Mar-20,0.1607
06-Mar-20,0.2038
05-Mar-20,0.3318
04-Mar-20,0.3695
03-Mar-20,0.3922
02-Mar-20,0.4079
28-Feb-20,0.4331
27-Feb-20,0.4616
26-Feb-20,0.504
25-Feb-20,0.5043
24-Feb-20,0.5357
21-Feb-20,0.5676
20-Feb-20,0.5911
19-Feb-20,0.6161
18-Feb-20,0.6269
17-Feb-20,0.6524
14-Feb-20,0.6311
13-Feb-20,0.6505
12-Feb-20,0.6246
11-Feb-20,0.5766
10-Feb-20,0.5657
07-Feb-20,0.5798
06-Feb-20,0.6019
05-Feb-20,0.6097
04-Feb-20,0.5669
03-Feb-20,0.5402
31-Jan-20,0.5295
30-Jan-20,0.5493
29-Jan-20,0.5328
28-Jan-20,0.5528
27-Jan-20,0.5128
24-Jan-20,0.5749
23-Jan-20,0.5942
22-Jan-20,0.6416
21-Jan-20,0.6374
20-Jan-20,0.6606
17-Jan-20,0.6473
16-Jan-20,0.6515
15-Jan-20,0.6598
14-Jan-20,0.7311
13-Jan-20,0.7654
10-Jan-20,0.7872
09-Jan-20,0.8299
08-Jan-20,0.8012
07-Jan-20,0.7913
06-Jan-20,0.7677
03-Jan-20,0.7443
02-Jan-20,0.7916
31-Dec-19,0.8214
30-Dec-19,0.8684
27-Dec-19,0.7592
24-Dec-19,0.7695
23-Dec-19,0.7807
20-Dec-19,0.7848
19-Dec-19,0.8153
18-Dec-19,0.7857
17-Dec-19,0.7676
16-Dec-19,0.8251
13-Dec-19,0.8016
12-Dec-19,0.8229
11-Dec-19,0.7729
10-Dec-19,0.7858
09-Dec-19,0.7601
06-Dec-19,0.7598
05-Dec-19,0.769
04-Dec-19,0.7274
03-Dec-19,0.674
02-Dec-19,0.7326
29-Nov-19,0.6848
28-Nov-19,0.6616
27-Nov-19,0.6658
26-Nov-19,0.6293
25-Nov-19,0.6839
22-Nov-19,0.6945
21-Nov-19,0.743
20-Nov-19,0.7154
19-Nov-19,0.7208
18-Nov-19,0.726
15-Nov-19,0.7086
14-Nov-19,0.6987
13-Nov-19,0.7377
12-Nov-19,0.7934
11-Nov-19,0.7844
08-Nov-19,0.7736
07-Nov-19,0.748
06-Nov-19,0.7104
05-Nov-19,0.7357
04-Nov-19,0.6881
01-Nov-19,0.6417
31-Oct-19,0.5984
30-Oct-19,0.6548
29-Oct-19,0.6885
28-Oct-19,0.6938
25-Oct-19,0.6373
24-Oct-19,0.6002
23-Oct-19,0.6517
22-Oct-19,0.6767
21-Oct-19,0.7241
18-Oct-19,0.6843
17-Oct-19,0.6685
16-Oct-19,0.6625
15-Oct-19,0.6748
14-Oct-19,0.6111
11-Oct-19,0.6794
10-Oct-19,0.5199
09-Oct-19,0.4287
08-Oct-19,0.3807
07-Oct-19,0.4187
04-Oct-19,0.405
03-Oct-19,0.4508
02-Oct-19,0.4622
01-Oct-19,0.4357
30-Sep-19,0.4567
27-Sep-19,0.4735
26-Sep-19,0.4897
25-Sep-19,0.4891
24-Sep-19,0.4931
23-Sep-19,0.4975
20-Sep-19,0.5911
19-Sep-19,0.5947
18-Sep-19,0.6067
17-Sep-19,0.6504
16-Sep-19,0.6497
13-Sep-19,0.7237
12-Sep-19,0.6012
11-Sep-19,0.6037
10-Sep-19,0.5968
09-Sep-19,0.5685
06-Sep-19,0.4684
05-Sep-19,0.5722
04-Sep-19,0.4698
03-Sep-19,0.3604
02-Sep-19,0.3923
30-Aug-19,0.4426
29-Aug-19,0.401
28-Aug-19,0.4073
27-Aug-19,0.4703
23-Aug-19,0.5433
22-Aug-19,0.5556
21-Aug-19,0.4913
20-Aug-19,0.4908
19-Aug-19,0.5215
16-Aug-19,0.4992
15-Aug-19,0.4377
14-Aug-19,0.4826
13-Aug-19,0.5332
12-Aug-19,0.538
09-Aug-19,0.54
08-Aug-19,0.5771
07-Aug-19,0.5241
06-Aug-19,0.5681
05-Aug-19,0.5588
02-Aug-19,0.6158
01-Aug-19,0.6422
31-Jul-19,0.6791
30-Jul-19,0.701
29-Jul-19,0.7117
26-Jul-19,0.744
25-Jul-19,0.7649
24-Jul-19,0.7292
23-Jul-19,0.7367
22-Jul-19,0.7582
19-Jul-19,0.7833
18-Jul-19,0.8076
17-Jul-19,0.8086
16-Jul-19,0.864
15-Jul-19,0.8395
12-Jul-19,0.8785
11-Jul-19,0.8841
10-Jul-19,0.8006
09-Jul-19,0.7662
08-Jul-19,0.7522
05-Jul-19,0.7939
04-Jul-19,0.7244
03-Jul-19,0.7372
02-Jul-19,0.779
01-Jul-19,0.8507
28-Jun-19,0.8914
27-Jun-19,0.8771
26-Jun-19,0.8665
25-Jun-19,0.8398
24-Jun-19,0.8555
21-Jun-19,0.8925
20-Jun-19,1.0364
19-Jun-19,0.9034
18-Jun-19,1.0364
17-Jun-19,1.0364
14-Jun-19,1.0364
13-Jun-19,0.8772
12-Jun-19,0.9106
11-Jun-19,0.8853
10-Jun-19,0.8738
07-Jun-19,0.8505
06-Jun-19,0.8717
05-Jun-19,0.9063
04-Jun-19,0.9372
03-Jun-19,0.9066
31-May-19,0.9332
30-May-19,0.9392
29-May-19,0.947
28-May-19,0.9682
24-May-19,1.0364
23-May-19,1.0021
22-May-19,1.0682
21-May-19,1.1285
20-May-19,1.1018
17-May-19,1.0814
16-May-19,1.1081
15-May-19,1.108
14-May-19,1.1337
13-May-19,1.1401
10-May-19,1.1654
09-May-19,1.1567
08-May-19,1.1689
07-May-19,1.1983
03-May-19,1.253
02-May-19,1.2213
01-May-19,1.1881
30-Apr-19,1.2169
29-Apr-19,1.1875
26-Apr-19,1.1809
25-Apr-19,1.1916
24-Apr-19,1.2074
23-Apr-19,1.2602
18-Apr-19,1.0364
17-Apr-19,1.2724
16-Apr-19,1.251
15-Apr-19,1.2518
12-Apr-19,1.249
11-Apr-19,1.1803
10-Apr-19,1.2559
09-Apr-19,1.1195
08-Apr-19,1.1195
05-Apr-19,1.1195
04-Apr-19,1.1195
03-Apr-19,1.1088
02-Apr-19,1.0364
01-Apr-19,1.0774
29-Mar-19,1.0361
28-Mar-19,1.0382
27-Mar-19,1.0338
26-Mar-19,1.0397
25-Mar-19,1.0163
22-Mar-19,1.0342
21-Mar-19,1.0822
20-Mar-19,1.1726
19-Mar-19,1.2225
18-Mar-19,1.2187
15-Mar-19,1.2426
14-Mar-19,1.2603
13-Mar-19,1.237
12-Mar-19,1.2046
11-Mar-19,1.199
08-Mar-19,1.219
07-Mar-19,1.1859
06-Mar-19,1.2559
05-Mar-19,1.3177
04-Mar-19,1.3102
01-Mar-19,1.3303
28-Feb-19,1.333
27-Feb-19,1.3151
26-Feb-19,1.2372
25-Feb-19,1.2075
22-Feb-19,1.1906
21-Feb-19,1.2423
20-Feb-19,1.2153
19-Feb-19,1.2094
18-Feb-19,1.2008
15-Feb-19,1.1992
14-Feb-19,1.173
13-Feb-19,1.2137
12-Feb-19,1.2118
11-Feb-19,1.197
08-Feb-19,1.1729
07-Feb-19,1.2027
06-Feb-19,1.2447
05-Feb-19,1.2559
04-Feb-19,1.3059
01-Feb-19,1.2744
31-Jan-19,1.2543
30-Jan-19,1.2874
29-Jan-19,1.294
28-Jan-19,1.2975
25-Jan-19,1.3319
24-Jan-19,1.2905
23-Jan-19,1.349
22-Jan-19,1.3491
21-Jan-19,1.3489
18-Jan-19,1.378
17-Jan-19,1.3608
16-Jan-19,1.3352
15-Jan-19,1.2829
14-Jan-19,1.3171
11-Jan-19,1.317
10-Jan-19,1.2952
09-Jan-19,1.2649
08-Jan-19,1.2869
07-Jan-19,1.2645
04-Jan-19,1.292
03-Jan-19,1.207
02-Jan-19,1.2413
31-Dec-18,1.3052
28-Dec-18,1.2898
27-Dec-18,1.3273
24-Dec-18,1.2783
21-Dec-18,1.3348
20-Dec-18,1.285
19-Dec-18,1.2958
18-Dec-18,1.3028
17-Dec-18,1.278
14-Dec-18,1.2472
13-Dec-18,1.2837
12-Dec-18,1.2797
11-Dec-18,1.1971
10-Dec-18,1.1653
07-Dec-18,1.2714
06-Dec-18,1.2351
05-Dec-18,1.3223
04-Dec-18,1.2959
03-Dec-18,1.3306
30-Nov-18,1.3685
29-Nov-18,1.3567
28-Nov-18,1.3924
27-Nov-18,1.3963
26-Nov-18,1.417
23-Nov-18,1.3835
22-Nov-18,1.4234
21-Nov-18,1.3963
20-Nov-18,1.3967
19-Nov-18,1.3859
16-Nov-18,1.4229
15-Nov-18,1.3785
14-Nov-18,1.5092
13-Nov-18,1.5125
12-Nov-18,1.4433
09-Nov-18,1.5002
08-Nov-18,1.5635
07-Nov-18,1.5303
06-Nov-18,1.5312
05-Nov-18,1.4947
02-Nov-18,1.4887
01-Nov-18,1.4488
31-Oct-18,1.4322
30-Oct-18,1.3932
29-Oct-18,1.3875
26-Oct-18,1.3595
25-Oct-18,1.4286
24-Oct-18,1.4433
23-Oct-18,1.4749
22-Oct-18,1.5142
19-Oct-18,1.5564
18-Oct-18,1.5544
17-Oct-18,1.5619
16-Oct-18,1.6108
15-Oct-18,1.6029
12-Oct-18,1.6327
11-Oct-18,1.674
10-Oct-18,1.716
09-Oct-18,1.6778
08-Oct-18,1.6748
05-Oct-18,1.7021
04-Oct-18,1.653
03-Oct-18,1.5551
02-Oct-18,1.5307
01-Oct-18,1.5707
28-Sep-18,1.568
27-Sep-18,1.5843
26-Sep-18,1.5859
25-Sep-18,1.6189
24-Sep-18,1.5954
21-Sep-18,1.5409
20-Sep-18,1.5769
19-Sep-18,1.5955
18-Sep-18,1.5467
17-Sep-18,1.5161
14-Sep-18,1.5074
13-Sep-18,1.4863
12-Sep-18,1.4681
11-Sep-18,1.4834
10-Sep-18,1.4531
07-Sep-18,1.4388
06-Sep-18,1.3998
05-Sep-18,1.4509
04-Sep-18,1.4063
03-Sep-18,1.3869
31-Aug-18,1.4116
30-Aug-18,1.4349
29-Aug-18,1.471
28-Aug-18,1.4269
24-Aug-18,1.3958
23-Aug-18,1.3959
22-Aug-18,1.3935
21-Aug-18,1.3867
20-Aug-18,1.3357
17-Aug-18,1.3497
16-Aug-18,1.3508
15-Aug-18,1.3394
14-Aug-18,1.3834
13-Aug-18,1.3832
10-Aug-18,1.365
09-Aug-18,1.4178
08-Aug-18,1.4328
07-Aug-18,1.4445
06-Aug-18,1.4124
03-Aug-18,1.4376
02-Aug-18,1.4897
01-Aug-18,1.4984
31-Jul-18,1.4422
30-Jul-18,1.4642
27-Jul-18,1.3951
26-Jul-18,1.3917
25-Jul-18,1.3775
24-Jul-18,1.3762
23-Jul-18,1.3777
20-Jul-18,1.345
19-Jul-18,1.298
18-Jul-18,1.3405
17-Jul-18,1.3739
16-Jul-18,1.4079
13-Jul-18,1.3867
12-Jul-18,1.3904
11-Jul-18,1.4117
10-Jul-18,1.4114
09-Jul-18,1.3878
06-Jul-18,1.3736
05-Jul-18,1.3683
04-Jul-18,1.3905
03-Jul-18,1.3575
02-Jul-18,1.3701
29-Jun-18,1.391
28-Jun-18,1.3712
27-Jun-18,1.3648
26-Jun-18,1.4129
25-Jun-18,1.4137
22-Jun-18,1.4256
21-Jun-18,1.391
20-Jun-18,1.4075
19-Jun-18,1.3958
18-Jun-18,1.4359
15-Jun-18,1.4268
14-Jun-18,1.4362
13-Jun-18,1.4696
12-Jun-18,1.5038
11-Jun-18,1.5215
08-Jun-18,1.5074
07-Jun-18,1.5223
06-Jun-18,1.4964
05-Jun-18,1.4001
04-Jun-18,1.4092
01-Jun-18,1.39
31-May-18,1.3335
30-May-18,1.3355
29-May-18,1.3393
25-May-18,1.436
24-May-18,1.4967
23-May-18,1.5316
22-May-18,1.618
21-May-18,1.5859
18-May-18,1.5961
17-May-18,1.6526
16-May-18,1.596
15-May-18,1.6068
14-May-18,1.5737
11-May-18,1.5403
10-May-18,1.5165
09-May-18,1.5577
08-May-18,1.5312
04-May-18,1.4874
03-May-18,1.4826
02-May-18,1.5436
01-May-18,1.492
30-Apr-18,1.5084
27-Apr-18,1.5349
26-Apr-18,1.5865
25-Apr-18,1.622
24-Apr-18,1.6237
23-Apr-18,1.6058
20-Apr-18,1.5762
19-Apr-18,1.5916
18-Apr-18,1.5015
17-Apr-18,1.5242
16-Apr-18,1.5408
13-Apr-18,1.5114
12-Apr-18,1.5199
11-Apr-18,1.4621
10-Apr-18,1.496
09-Apr-18,1.4832
06-Apr-18,1.4728
05-Apr-18,1.4911
04-Apr-18,1.4439
03-Apr-18,1.4325
29-Mar-18,1.424
28-Mar-18,1.4361
27-Mar-18,1.484
26-Mar-18,1.5139
23-Mar-18,1.5131
22-Mar-18,1.4822
21-Mar-18,1.5971
20-Mar-18,1.5521
19-Mar-18,1.5081
16-Mar-18,1.5029
15-Mar-18,1.5021
14-Mar-18,1.4956
13-Mar-18,1.5538
12-Mar-18,1.5721
09-Mar-18,1.5714
08-Mar-18,1.5469
07-Mar-18,1.5672
06-Mar-18,1.5895
05-Mar-18,1.56
02-Mar-18,1.5275
01-Mar-18,1.535
28-Feb-18,1.5738
27-Feb-18,1.6196
26-Feb-18,1.5746
23-Feb-18,1.589
22-Feb-18,1.6075
21-Feb-18,1.6131
20-Feb-18,1.6306
19-Feb-18,1.6607
16-Feb-18,1.6442
15-Feb-18,1.7105
14-Feb-18,1.6852
13-Feb-18,1.6726
12-Feb-18,1.6513
09-Feb-18,1.6487
08-Feb-18,1.6782
07-Feb-18,1.5972
06-Feb-18,1.5723
05-Feb-18,1.6192
02-Feb-18,1.6246
01-Feb-18,1.5795
31-Jan-18,1.5477
30-Jan-18,1.5242
29-Jan-18,1.5222
26-Jan-18,1.5031
25-Jan-18,1.4788
24-Jan-18,1.4791
23-Jan-18,1.4254
22-Jan-18,1.4246
19-Jan-18,1.4089
18-Jan-18,1.4056
17-Jan-18,1.3705
16-Jan-18,1.3766
15-Jan-18,1.3918
12-Jan-18,1.4083
11-Jan-18,1.3865
10-Jan-18,1.3618
09-Jan-18,1.349
08-Jan-18,1.2968
05-Jan-18,1.3109
04-Jan-18,1.3084
03-Jan-18,1.2874
02-Jan-18,1.3498
29-Dec-17,1.258
28-Dec-17,1.2656
27-Dec-17,1.2405
22-Dec-17,1.3074
21-Dec-17,1.3296
20-Dec-17,1.3281
19-Dec-17,1.2728
18-Dec-17,1.2113
15-Dec-17,1.2215
14-Dec-17,1.2379
13-Dec-17,1.2803
12-Dec-17,1.2885
11-Dec-17,1.2652
08-Dec-17,1.3401
07-Dec-17,1.3135
06-Dec-17,1.2891
05-Dec-17,1.3229
04-Dec-17,1.342
01-Dec-17,1.2825
30-Nov-17,1.3844
29-Nov-17,1.4092
28-Nov-17,1.3124
27-Nov-17,1.317
24-Nov-17,1.306
23-Nov-17,1.307
22-Nov-17,1.334
21-Nov-17,1.3294
20-Nov-17,1.3405
17-Nov-17,1.3626
16-Nov-17,1.3619
15-Nov-17,1.3474
14-Nov-17,1.3719
13-Nov-17,1.3899
10-Nov-17,1.399
09-Nov-17,1.3191
08-Nov-17,1.2657
07-Nov-17,1.2963
06-Nov-17,1.3135
03-Nov-17,1.3204
02-Nov-17,1.3185
01-Nov-17,1.4025
31-Oct-17,1.3894
30-Oct-17,1.3846
27-Oct-17,1.4121
26-Oct-17,1.4559
25-Oct-17,1.4643
24-Oct-17,1.4039
23-Oct-17,1.3586
20-Oct-17,1.3794
19-Oct-17,1.3206
18-Oct-17,1.3604
17-Oct-17,1.329
16-Oct-17,1.3848
13-Oct-17,1.4111
12-Oct-17,1.4221
11-Oct-17,1.4223
10-Oct-17,1.4096
09-Oct-17,1.4026
06-Oct-17,1.4103
05-Oct-17,1.4294
04-Oct-17,1.4122
03-Oct-17,1.3996
02-Oct-17,1.3685
29-Sep-17,1.4009
28-Sep-17,1.4234
27-Sep-17,1.423
26-Sep-17,1.3769
25-Sep-17,1.3756
22-Sep-17,1.4052
21-Sep-17,1.4109
20-Sep-17,1.3755
19-Sep-17,1.3736
18-Sep-17,1.3477
15-Sep-17,1.3643
14-Sep-17,1.266
13-Sep-17,1.1947
12-Sep-17,1.1923
11-Sep-17,1.0867
08-Sep-17,1.0421
07-Sep-17,1.0065
06-Sep-17,1.0522
05-Sep-17,1.0609
04-Sep-17,1.101
01-Sep-17,1.1043
31-Aug-17,1.0758
30-Aug-17,1.0788
29-Aug-17,1.039
25-Aug-17,1.0924
24-Aug-17,1.0964
23-Aug-17,1.0893
22-Aug-17,1.1226
21-Aug-17,1.1039
18-Aug-17,1.1174
17-Aug-17,1.134
16-Aug-17,1.1443
15-Aug-17,1.1238
14-Aug-17,1.1145
11-Aug-17,1.0969
10-Aug-17,1.111
09-Aug-17,1.1353
08-Aug-17,1.1861
07-Aug-17,1.1736
04-Aug-17,1.2009
03-Aug-17,1.192
02-Aug-17,1.2737
01-Aug-17,1.2414
31-Jul-17,1.2613
28-Jul-17,1.2533
27-Jul-17,1.2352
26-Jul-17,1.2632
25-Jul-17,1.2846
24-Jul-17,1.218
21-Jul-17,1.2096
20-Jul-17,1.2483
19-Jul-17,1.2241
18-Jul-17,1.253
17-Jul-17,1.3154
14-Jul-17,1.3542
13-Jul-17,1.333
12-Jul-17,1.3051
11-Jul-17,1.3224
10-Jul-17,1.3148
07-Jul-17,1.3475
06-Jul-17,1.3631
05-Jul-17,1.2978
04-Jul-17,1.2899
03-Jul-17,1.3139
30-Jun-17,1.2971
29-Jun-17,1.2846
28-Jun-17,1.1951
27-Jun-17,1.1249
26-Jun-17,1.0638
23-Jun-17,1.0708
22-Jun-17,1.0558
21-Jun-17,1.0613
20-Jun-17,1.0463
19-Jun-17,1.0686
16-Jun-17,1.0631
15-Jun-17,1.0779
14-Jun-17,0.9756
13-Jun-17,1.0749
12-Jun-17,1.0204
09-Jun-17,1.056
08-Jun-17,1.0773
07-Jun-17,1.0263
06-Jun-17,1.0298
05-Jun-17,1.0925
02-Jun-17,1.0876
01-Jun-17,1.1007
31-May-17,1.0669
30-May-17,1.0366
26-May-17,1.0488
25-May-17,1.0791
24-May-17,1.1054
23-May-17,1.1028
22-May-17,1.1145
19-May-17,1.1192
18-May-17,1.0957
17-May-17,1.1022
16-May-17,1.1479
15-May-17,1.1594
12-May-17,1.1234
11-May-17,1.1967
10-May-17,1.2007
09-May-17,1.2314
08-May-17,1.177
05-May-17,1.1517
04-May-17,1.1432
03-May-17,1.1058
02-May-17,1.1195
28-Apr-17,1.1067
27-Apr-17,1.0894
26-Apr-17,1.1107
25-Apr-17,1.1066
24-Apr-17,1.0923
21-Apr-17,1.0588
20-Apr-17,1.0866
19-Apr-17,1.0846
18-Apr-17,1.0546
13-Apr-17,1.0615
12-Apr-17,1.0686
11-Apr-17,1.0645
10-Apr-17,1.103
07-Apr-17,1.0872
06-Apr-17,1.1063
05-Apr-17,1.1033
04-Apr-17,1.0716
03-Apr-17,1.0741
31-Mar-17,1.1343
30-Mar-17,1.127
29-Mar-17,1.1599
28-Mar-17,1.1967
27-Mar-17,1.181
24-Mar-17,1.2071
23-Mar-17,1.2288
22-Mar-17,1.1756
21-Mar-17,1.2551
20-Mar-17,1.2354
17-Mar-17,1.2379
16-Mar-17,1.2484
15-Mar-17,1.2228
14-Mar-17,1.2383
13-Mar-17,1.2528
10-Mar-17,1.2408
09-Mar-17,1.2119
08-Mar-17,1.2267
07-Mar-17,1.1776
06-Mar-17,1.2051
03-Mar-17,1.1857
02-Mar-17,1.1979
01-Mar-17,1.1845
28-Feb-17,1.1303
27-Feb-17,1.142
24-Feb-17,1.1477
23-Feb-17,1.2237
22-Feb-17,1.2782
21-Feb-17,1.3207
20-Feb-17,1.2992
17-Feb-17,1.2852
16-Feb-17,1.3315
15-Feb-17,1.3846
14-Feb-17,1.3891
13-Feb-17,1.3689
10-Feb-17,1.3459
09-Feb-17,1.3094
08-Feb-17,1.2992
07-Feb-17,1.3672
06-Feb-17,1.3979
03-Feb-17,1.4378
02-Feb-17,1.4618
01-Feb-17,1.5331
31-Jan-17,1.4858
30-Jan-17,1.5103
27-Jan-17,1.5377
26-Jan-17,1.5782
25-Jan-17,1.5297
24-Jan-17,1.4492
23-Jan-17,1.4485
20-Jan-17,1.4898
19-Jan-17,1.4593
18-Jan-17,1.3911
17-Jan-17,1.3667
16-Jan-17,1.391
13-Jan-17,1.4285
12-Jan-17,1.359
11-Jan-17,1.4221
10-Jan-17,1.421
09-Jan-17,1.4147
06-Jan-17,1.4388
05-Jan-17,1.3849
04-Jan-17,1.3915
03-Jan-17,1.3976
30-Dec-16,1.2955
29-Dec-16,1.2848
28-Dec-16,1.3587
23-Dec-16,1.4012
22-Dec-16,1.4326
21-Dec-16,1.4408
20-Dec-16,1.4881
19-Dec-16,1.4794
16-Dec-16,1.5261
15-Dec-16,1.5751
14-Dec-16,1.4565
13-Dec-16,1.5014
12-Dec-16,1.557
09-Dec-16,1.5066
08-Dec-16,1.4508
07-Dec-16,1.4332
06-Dec-16,1.481
05-Dec-16,1.467
02-Dec-16,1.4445
01-Dec-16,1.5399
30-Nov-16,1.4765
29-Nov-16,1.4508
28-Nov-16,1.4406
25-Nov-16,1.4818
24-Nov-16,1.4997
23-Nov-16,1.5342
22-Nov-16,1.4593
21-Nov-16,1.4869
18-Nov-16,1.5336
17-Nov-16,1.4529
16-Nov-16,1.4673
15-Nov-16,1.437
14-Nov-16,1.4954
11-Nov-16,1.4199
10-Nov-16,1.3991
09-Nov-16,1.2909
08-Nov-16,1.2865
07-Nov-16,1.247
04-Nov-16,1.1885
03-Nov-16,1.2638
02-Nov-16,1.2378
01-Nov-16,1.3338
31-Oct-16,1.2877
28-Oct-16,1.307
27-Oct-16,1.2924
26-Oct-16,1.2045
25-Oct-16,1.1217
24-Oct-16,1.1345
21-Oct-16,1.1213
20-Oct-16,1.1261
19-Oct-16,1.1268
18-Oct-16,1.132
17-Oct-16,1.1696
14-Oct-16,1.148
13-Oct-16,1.0601
12-Oct-16,1.0891
11-Oct-16,1.0353
10-Oct-16,1.0646
07-Oct-16,1.0109
06-Oct-16,0.9215
05-Oct-16,0.8586
04-Oct-16,0.7991
03-Oct-16,0.7745
30-Sep-16,0.7968
29-Sep-16,0.7478
28-Sep-16,0.7014
27-Sep-16,0.6963
26-Sep-16,0.7367
23-Sep-16,0.7599
22-Sep-16,0.7533
21-Sep-16,0.8465
20-Sep-16,0.8405
19-Sep-16,0.919
16-Sep-16,0.9053
15-Sep-16,0.9368
14-Sep-16,0.928
13-Sep-16,0.9296
12-Sep-16,0.9019
09-Sep-16,0.9002
08-Sep-16,0.7869
07-Sep-16,0.6966
06-Sep-16,0.6972
05-Sep-16,0.7381
02-Sep-16,0.7703
01-Sep-16,0.7001
31-Aug-16,0.6615
30-Aug-16,0.6609
26-Aug-16,0.6591
25-Aug-16,0.6896
24-Aug-16,0.6899
23-Aug-16,0.6726
22-Aug-16,0.6972
19-Aug-16,0.741
18-Aug-16,0.6874
17-Aug-16,0.6883
16-Aug-16,0.6999
15-Aug-16,0.6514
12-Aug-16,0.6228
11-Aug-16,0.628
10-Aug-16,0.6407
09-Aug-16,0.673
08-Aug-16,0.7211
05-Aug-16,0.7631
04-Aug-16,0.7429
03-Aug-16,0.9106
02-Aug-16,0.9213
01-Aug-16,0.8452
29-Jul-16,0.7998
28-Jul-16,0.8283
27-Jul-16,0.8496
26-Jul-16,0.9514
25-Jul-16,0.9328
22-Jul-16,0.9338
21-Jul-16,0.971
20-Jul-16,0.9561
19-Jul-16,0.9288
18-Jul-16,0.9345
15-Jul-16,0.9593
14-Jul-16,0.9128
13-Jul-16,0.8611
12-Jul-16,0.9245
11-Jul-16,0.869
08-Jul-16,0.861
07-Jul-16,0.8984
06-Jul-16,0.8802
05-Jul-16,0.8941
04-Jul-16,0.9529
01-Jul-16,0.9859
30-Jun-16,1.0263
29-Jun-16,1.0635
28-Jun-16,1.0748
27-Jun-16,1.0721
24-Jun-16,1.2172
23-Jun-16,1.481
22-Jun-16,1.4396
21-Jun-16,1.3993
20-Jun-16,1.3619
17-Jun-16,1.2584
16-Jun-16,1.2155
15-Jun-16,1.2314
14-Jun-16,1.2456
13-Jun-16,1.329
10-Jun-16,1.3358
09-Jun-16,1.3508
08-Jun-16,1.3639
07-Jun-16,1.3765
06-Jun-16,1.3971
03-Jun-16,1.3888
02-Jun-16,1.4555
01-Jun-16,1.4824
31-May-16,1.5474
27-May-16,1.5477
26-May-16,1.5237
25-May-16,1.5582
24-May-16,1.584
23-May-16,1.5696
20-May-16,1.5735
19-May-16,1.5421
18-May-16,1.547
17-May-16,1.4718
16-May-16,1.501
13-May-16,1.4804
12-May-16,1.5103
11-May-16,1.4985
10-May-16,1.5074
09-May-16,1.5198
06-May-16,1.52
05-May-16,1.5756
04-May-16,1.6243
03-May-16,1.6194
29-Apr-16,1.6947
28-Apr-16,1.6917
27-Apr-16,1.7159
26-Apr-16,1.7551
25-Apr-16,1.6988
22-Apr-16,1.6971
21-Apr-16,1.6772
20-Apr-16,1.5632
19-Apr-16,1.6199
18-Apr-16,1.5762
15-Apr-16,1.5169
14-Apr-16,1.5453
13-Apr-16,1.5323
12-Apr-16,1.5459
11-Apr-16,1.4966
08-Apr-16,1.4665
07-Apr-16,1.4206
06-Apr-16,1.4791
05-Apr-16,1.4629
04-Apr-16,1.5181
01-Apr-16,1.5226
31-Mar-16,1.5041
30-Mar-16,1.5431
29-Mar-16,1.5061
24-Mar-16,1.5518
23-Mar-16,1.5355
22-Mar-16,1.5429
21-Mar-16,1.5642
18-Mar-16,1.5475
17-Mar-16,1.5393
16-Mar-16,1.5989
15-Mar-16,1.6125
14-Mar-16,1.6285
11-Mar-16,1.6593
10-Mar-16,1.6123
09-Mar-16,1.5537
08-Mar-16,1.4501
07-Mar-16,1.5594
04-Mar-16,1.5716
03-Mar-16,1.5293
02-Mar-16,1.5436
01-Mar-16,1.4685
29-Feb-16,1.4096
26-Feb-16,1.4882
25-Feb-16,1.4431
24-Feb-16,1.4213
23-Feb-16,1.4997
22-Feb-16,1.4721
19-Feb-16,1.477
18-Feb-16,1.512
17-Feb-16,1.5569
16-Feb-16,1.4945
15-Feb-16,1.4924
12-Feb-16,1.4708
11-Feb-16,1.3448
10-Feb-16,1.4894
09-Feb-16,1.4813
08-Feb-16,1.4715
05-Feb-16,1.6383
04-Feb-16,1.636
03-Feb-16,1.578
02-Feb-16,1.62
01-Feb-16,1.6975
29-Jan-16,1.6355
28-Jan-16,1.7281
27-Jan-16,1.7558
26-Jan-16,1.7539
25-Jan-16,1.7467
22-Jan-16,1.778
21-Jan-16,1.7353
20-Jan-16,1.6839
19-Jan-16,1.7707
18-Jan-16,1.7531
15-Jan-16,1.7139
14-Jan-16,1.79
13-Jan-16,1.8028
12-Jan-16,1.8125
11-Jan-16,1.8261
08-Jan-16,1.8213
07-Jan-16,1.8586
06-Jan-16,1.8443
05-Jan-16,1.9299
04-Jan-16,1.9342
31-Dec-15,2.0097
30-Dec-15,2.0441
29-Dec-15,1.9629
24-Dec-15,1.9725
23-Dec-15,1.9948
22-Dec-15,1.9337
21-Dec-15,1.8709
18-Dec-15,1.888
17-Dec-15,1.9002
16-Dec-15,1.9941
15-Dec-15,1.994
14-Dec-15,1.866
11-Dec-15,1.8516
10-Dec-15,1.8984
09-Dec-15,1.9253
08-Dec-15,1.8605
07-Dec-15,1.8645
04-Dec-15,1.9742
03-Dec-15,1.9158
02-Dec-15,1.7924
01-Dec-15,1.8102
30-Nov-15,1.8741
27-Nov-15,1.8576
26-Nov-15,1.8775
25-Nov-15,1.929
24-Nov-15,1.9039
23-Nov-15,1.9308
20-Nov-15,1.9173
19-Nov-15,1.9359
18-Nov-15,1.9778
17-Nov-15,2.0244
16-Nov-15,1.9862
13-Nov-15,2.0204
12-Nov-15,2.051
11-Nov-15,2.0799
10-Nov-15,2.066
09-Nov-15,2.0968
06-Nov-15,2.0748
05-Nov-15,2.0061
04-Nov-15,2.0282
03-Nov-15,1.9985
02-Nov-15,1.9771
30-Oct-15,1.9457
29-Oct-15,1.9527
28-Oct-15,1.8257
27-Oct-15,1.7838
26-Oct-15,1.8542
23-Oct-15,1.8888
22-Oct-15,1.825
21-Oct-15,1.8215
20-Oct-15,1.8825
19-Oct-15,1.8523
16-Oct-15,1.8181
15-Oct-15,1.7999
14-Oct-15,1.7859
13-Oct-15,1.8616
12-Oct-15,1.8458
09-Oct-15,1.8803
08-Oct-15,1.8358
07-Oct-15,1.8507
06-Oct-15,1.8216
05-Oct-15,1.8104
02-Oct-15,1.7223
01-Oct-15,1.7711
30-Sep-15,1.7919
29-Sep-15,1.7753
28-Sep-15,1.8023
25-Sep-15,1.8649
24-Sep-15,1.757
23-Sep-15,1.8236
22-Sep-15,1.7975
21-Sep-15,1.9106
18-Sep-15,1.8614
17-Sep-15,1.9699
16-Sep-15,1.9584
15-Sep-15,1.9229
14-Sep-15,1.8639
11-Sep-15,1.8345
10-Sep-15,1.8741
09-Sep-15,1.8852
08-Sep-15,1.8587
07-Sep-15,1.8262
04-Sep-15,1.844
03-Sep-15,1.9268
02-Sep-15,1.9585
01-Sep-15,1.9513
28-Aug-15,1.9669
27-Aug-15,1.9856
26-Aug-15,1.9598
25-Aug-15,1.9125
24-Aug-15,1.8044
21-Aug-15,1.8364
20-Aug-15,1.8909
19-Aug-15,1.9833
18-Aug-15,2.0026
17-Aug-15,1.9507
14-Aug-15,1.9989
13-Aug-15,1.961
12-Aug-15,1.9038
11-Aug-15,1.9399
10-Aug-15,2.0415
07-Aug-15,1.9728
06-Aug-15,2.0412
05-Aug-15,2.0899
04-Aug-15,1.996
03-Aug-15,2.001
31-Jul-15,2.0074
30-Jul-15,2.0923
29-Jul-15,2.0971
28-Jul-15,2.0665
27-Jul-15,2.0451
24-Jul-15,2.0581
23-Jul-15,2.1531
22-Jul-15,2.1596
21-Jul-15,2.2164
20-Jul-15,2.204
17-Jul-15,2.2103
16-Jul-15,2.2085
15-Jul-15,2.2673
14-Jul-15,2.2618
13-Jul-15,2.2486
10-Jul-15,2.2107
09-Jul-15,2.0878
08-Jul-15,2.0299
07-Jul-15,1.9466
06-Jul-15,2.146
03-Jul-15,2.1273
02-Jul-15,2.2058
01-Jul-15,2.2209
30-Jun-15,2.1552
29-Jun-15,2.1897
26-Jun-15,2.3026
25-Jun-15,2.2697
24-Jun-15,2.2592
23-Jun-15,2.2414
22-Jun-15,2.2305
19-Jun-15,2.133
18-Jun-15,2.1674
17-Jun-15,2.1892
16-Jun-15,2.131
15-Jun-15,2.1516
12-Jun-15,2.094
11-Jun-15,2.1954
10-Jun-15,2.2685
09-Jun-15,2.2243
08-Jun-15,2.1628
05-Jun-15,2.1935
04-Jun-15,2.1276
03-Jun-15,2.1879
02-Jun-15,2.0635
01-Jun-15,1.9619
29-May-15,1.9178
28-May-15,1.952
27-May-15,2.0002
26-May-15,1.9874
22-May-15,2.0376
21-May-15,2.0852
20-May-15,2.0916
19-May-15,2.0739
18-May-15,2.0653
15-May-15,2.0154
14-May-15,2.1084
13-May-15,2.1006
12-May-15,2.1051
11-May-15,2.0321
08-May-15,1.9735
07-May-15,2.0363
06-May-15,2.0838
05-May-15,2.0857
01-May-15,1.9455
30-Apr-15,1.9447
29-Apr-15,1.9337
28-Apr-15,1.7919
27-Apr-15,1.7891
24-Apr-15,1.7466
23-Apr-15,1.7914
22-Apr-15,1.7958
21-Apr-15,1.6708
20-Apr-15,1.669
17-Apr-15,1.6853
16-Apr-15,1.7016
15-Apr-15,1.658
14-Apr-15,1.611
13-Apr-15,1.7011
10-Apr-15,1.6937
09-Apr-15,1.6817
08-Apr-15,1.6777
07-Apr-15,1.6922
02-Apr-15,1.6863
01-Apr-15,1.6396
31-Mar-15,1.6605
30-Mar-15,1.66
27-Mar-15,1.63
26-Mar-15,1.6693
25-Mar-15,1.5752
24-Mar-15,1.6068
23-Mar-15,1.6078
20-Mar-15,1.6147
19-Mar-15,1.6193
18-Mar-15,1.6933
17-Mar-15,1.7693
16-Mar-15,1.7758
13-Mar-15,1.7953
12-Mar-15,1.8353
11-Mar-15,1.907
10-Mar-15,1.9013
09-Mar-15,2.0293
06-Mar-15,2.0485
05-Mar-15,1.9563
04-Mar-15,1.9754
03-Mar-15,1.9324
02-Mar-15,1.8719
27-Feb-15,1.8567
26-Feb-15,1.7984
25-Feb-15,1.7726
24-Feb-15,1.8272
23-Feb-15,1.868
20-Feb-15,1.8349
19-Feb-15,1.8863
18-Feb-15,1.907
17-Feb-15,1.8204
16-Feb-15,1.7567
13-Feb-15,1.7337
12-Feb-15,1.7264
11-Feb-15,1.7312
10-Feb-15,1.7122
09-Feb-15,1.6569
06-Feb-15,1.6891
05-Feb-15,1.594
04-Feb-15,1.575
03-Feb-15,1.5091
02-Feb-15,1.4292
30-Jan-15,1.3867
29-Jan-15,1.4673
28-Jan-15,1.5062
27-Jan-15,1.5238
26-Jan-15,1.5555
23-Jan-15,1.5212
22-Jan-15,1.5659
21-Jan-15,1.5326
20-Jan-15,1.58
19-Jan-15,1.5771
16-Jan-15,1.5961
15-Jan-15,1.5717
14-Jan-15,1.5691
13-Jan-15,1.646
12-Jan-15,1.6345
09-Jan-15,1.6486
08-Jan-15,1.703
07-Jan-15,1.6658
06-Jan-15,1.6551
05-Jan-15,1.7322
02-Jan-15,1.788
31-Dec-14,1.8196
30-Dec-14,1.8605
29-Dec-14,1.8746
24-Dec-14,1.9456
23-Dec-14,1.9166
22-Dec-14,1.8886
19-Dec-14,1.9195
18-Dec-14,1.9309
17-Dec-14,1.8209
16-Dec-14,1.8316
15-Dec-14,1.8776
12-Dec-14,1.8612
11-Dec-14,1.9647
10-Dec-14,1.975
09-Dec-14,1.953
08-Dec-14,2.0288
05-Dec-14,2.0704
04-Dec-14,2.0438
03-Dec-14,2.0653
02-Dec-14,2.028
01-Dec-14,1.9482
28-Nov-14,1.9853
27-Nov-14,1.9828
26-Nov-14,2.029
25-Nov-14,2.0634
24-Nov-14,2.1079
21-Nov-14,2.1118
20-Nov-14,2.1574
19-Nov-14,2.1937
18-Nov-14,2.1797
17-Nov-14,2.1757
14-Nov-14,2.199
13-Nov-14,2.2378
12-Nov-14,2.2447
11-Nov-14,2.288
10-Nov-14,2.247
07-Nov-14,2.2655
06-Nov-14,2.3011
05-Nov-14,2.3087
04-Nov-14,2.282
03-Nov-14,2.3315
31-Oct-14,2.3054
30-Oct-14,2.2799
29-Oct-14,2.3055
28-Oct-14,2.2812
27-Oct-14,2.2594
24-Oct-14,2.2817
23-Oct-14,2.2813
22-Oct-14,2.2431
21-Oct-14,2.2128
20-Oct-14,2.2001
17-Oct-14,2.2388
16-Oct-14,2.1241
15-Oct-14,2.0366
14-Oct-14,2.1823
13-Oct-14,2.2092
10-Oct-14,2.2674
09-Oct-14,2.3095
08-Oct-14,2.2963
07-Oct-14,2.336
06-Oct-14,2.4027
03-Oct-14,2.4365
02-Oct-14,2.3853
01-Oct-14,2.4116
30-Sep-14,2.4682
29-Sep-14,2.4827
26-Sep-14,2.5002
25-Sep-14,2.4982
24-Sep-14,2.5183
23-Sep-14,2.5237
22-Sep-14,2.545
19-Sep-14,2.5806
18-Sep-14,2.6255
17-Sep-14,2.5566
16-Sep-14,2.568
15-Sep-14,2.5761
12-Sep-14,2.5728
11-Sep-14,2.5311
10-Sep-14,2.5316
09-Sep-14,2.5058
08-Sep-14,2.4975
05-Sep-14,2.497
04-Sep-14,2.5199
03-Sep-14,2.4983
02-Sep-14,2.4605
01-Sep-14,2.4121
29-Aug-14,2.3916
28-Aug-14,2.3896
27-Aug-14,2.3913
26-Aug-14,2.4761
22-Aug-14,2.5525
21-Aug-14,2.547
20-Aug-14,2.5594
19-Aug-14,2.5381
18-Aug-14,2.5746
15-Aug-14,2.5052
14-Aug-14,2.5786
13-Aug-14,2.5891
12-Aug-14,2.6232
11-Aug-14,2.6336
08-Aug-14,2.5934
07-Aug-14,2.6332
06-Aug-14,2.6544
05-Aug-14,2.7239
04-Aug-14,2.6793
01-Aug-14,2.6986
31-Jul-14,2.7598
30-Jul-14,2.7296
29-Jul-14,2.6772
28-Jul-14,2.716
25-Jul-14,2.7074
24-Jul-14,2.746
23-Jul-14,2.6961
22-Jul-14,2.7282
21-Jul-14,2.7033
18-Jul-14,2.7175
17-Jul-14,2.7373
16-Jul-14,2.7984
15-Jul-14,2.796
14-Jul-14,2.7539
11-Jul-14,2.7479
10-Jul-14,2.7711
09-Jul-14,2.807
08-Jul-14,2.8017
07-Jul-14,2.8764
04-Jul-14,2.9023
03-Jul-14,2.8951
02-Jul-14,2.8878
01-Jul-14,2.8415
30-Jun-14,2.812
27-Jun-14,2.7755
26-Jun-14,2.7763
25-Jun-14,2.789
24-Jun-14,2.8782
23-Jun-14,2.872
20-Jun-14,2.9033
19-Jun-14,2.8693
18-Jun-14,2.8739
17-Jun-14,2.914
16-Jun-14,2.8901
13-Jun-14,2.8882
12-Jun-14,2.8599
11-Jun-14,2.8595
10-Jun-14,2.8713
09-Jun-14,2.841
06-Jun-14,2.8064
05-Jun-14,2.8259
04-Jun-14,2.8411
03-Jun-14,2.7952
02-Jun-14,2.7511
30-May-14,2.7029
29-May-14,2.6701
28-May-14,2.687
27-May-14,2.7786
23-May-14,2.7745
22-May-14,2.7954
21-May-14,2.7852
20-May-14,2.7551
19-May-14,2.7227
16-May-14,2.7023
15-May-14,2.6619
14-May-14,2.7331
13-May-14,2.8223
12-May-14,2.872
09-May-14,2.8213
08-May-14,2.7859
07-May-14,2.8
06-May-14,2.7919
02-May-14,2.7778
01-May-14,2.7788
30-Apr-14,2.8078
29-Apr-14,2.8274
28-Apr-14,2.8041
25-Apr-14,2.7714
24-Apr-14,2.8276
23-Apr-14,2.8088
22-Apr-14,2.8518
17-Apr-14,2.7938
16-Apr-14,2.7682
15-Apr-14,2.737
14-Apr-14,2.7709
11-Apr-14,2.748
10-Apr-14,2.7498
09-Apr-14,2.8307
08-Apr-14,2.8298
07-Apr-14,2.8003
04-Apr-14,2.8226
03-Apr-14,2.887
02-Apr-14,2.9067
01-Apr-14,2.8762
31-Mar-14,2.8687
28-Mar-14,2.857
27-Mar-14,2.8054
26-Mar-14,2.8328
25-Mar-14,2.8449
24-Mar-14,2.8299
21-Mar-14,2.8815
20-Mar-14,2.9001
19-Mar-14,2.8267
18-Mar-14,2.8103
17-Mar-14,2.8114
14-Mar-14,2.799
13-Mar-14,2.8268
12-Mar-14,2.8831
11-Mar-14,2.9174
10-Mar-14,2.9295
07-Mar-14,2.9217
06-Mar-14,2.9093
05-Mar-14,2.8581
04-Mar-14,2.8314
03-Mar-14,2.7912
28-Feb-14,2.8561
27-Feb-14,2.8089
26-Feb-14,2.859
25-Feb-14,2.8807
24-Feb-14,2.9076
21-Feb-14,2.92
20-Feb-14,2.9421
19-Feb-14,2.8666
18-Feb-14,2.8837
17-Feb-14,2.9105
14-Feb-14,2.9202
13-Feb-14,2.9125
12-Feb-14,2.9467
11-Feb-14,2.8655
10-Feb-14,2.8554
07-Feb-14,2.843
06-Feb-14,2.8765
05-Feb-14,2.8178
04-Feb-14,2.8262
03-Feb-14,2.822
31-Jan-14,2.8347
30-Jan-14,2.8716
29-Jan-14,2.8858
28-Jan-14,2.9319
27-Jan-14,2.9011
24-Jan-14,2.8906
23-Jan-14,2.9291
22-Jan-14,2.995
21-Jan-14,2.9568
20-Jan-14,2.9516
17-Jan-14,2.9634
16-Jan-14,2.9422
15-Jan-14,2.9968
14-Jan-14,2.9593
13-Jan-14,2.9638
10-Jan-14,3.0124
09-Jan-14,3.1076
08-Jan-14,3.114
07-Jan-14,3.0831
06-Jan-14,3.1053
03-Jan-14,3.1579
02-Jan-14,3.1625
31-Dec-13,3.1571
30-Dec-13,3.1602
27-Dec-13,3.2047
24-Dec-13,3.1051
23-Dec-13,3.089
20-Dec-13,3.0649
19-Dec-13,3.0855
18-Dec-13,3.0458
17-Dec-13,3.0063
16-Dec-13,3.0073
13-Dec-13,3.0255
12-Dec-13,3.0289
11-Dec-13,2.9941
10-Dec-13,3.0008
09-Dec-13,3.0319
06-Dec-13,3.0112
05-Dec-13,3.0335
04-Dec-13,3.0167
03-Dec-13,2.931
02-Dec-13,2.9632
29-Nov-13,2.8776
28-Nov-13,2.8522
27-Nov-13,2.8641
26-Nov-13,2.8439
25-Nov-13,2.8795
22-Nov-13,2.9079
21-Nov-13,2.9352
20-Nov-13,2.835
19-Nov-13,2.8264
18-Nov-13,2.8231
15-Nov-13,2.8433
14-Nov-13,2.856
13-Nov-13,2.8963
12-Nov-13,2.8959
11-Nov-13,2.8975
08-Nov-13,2.8704
07-Nov-13,2.7769
06-Nov-13,2.8156
05-Nov-13,2.8143
04-Nov-13,2.7314
01-Nov-13,2.7422
31-Oct-13,2.7045
30-Oct-13,2.6296
29-Oct-13,2.6817
28-Oct-13,2.6945
25-Oct-13,2.6919
24-Oct-13,2.7145
23-Oct-13,2.6835
22-Oct-13,2.72
21-Oct-13,2.8189
18-Oct-13,2.7929
17-Oct-13,2.8262
16-Oct-13,2.9152
15-Oct-13,2.8731
14-Oct-13,2.8163
11-Oct-13,2.7923
10-Oct-13,2.8067
09-Oct-13,2.7461
08-Oct-13,2.7646
07-Oct-13,2.7587
04-Oct-13,2.7857
03-Oct-13,2.7402
02-Oct-13,2.7494
01-Oct-13,2.7558
30-Sep-13,2.7591
27-Sep-13,2.7582
26-Sep-13,2.7965
25-Sep-13,2.802
24-Sep-13,2.8467
23-Sep-13,2.9608
20-Sep-13,2.9745
19-Sep-13,2.9506
18-Sep-13,3.0517
17-Sep-13,2.9875
16-Sep-13,2.9398
13-Sep-13,2.9699
12-Sep-13,2.998
11-Sep-13,3.055
10-Sep-13,3.0692
09-Sep-13,3.0044
06-Sep-13,2.9852
05-Sep-13,3.0525
04-Sep-13,2.9244
03-Sep-13,2.925
02-Sep-13,2.8945
30-Aug-13,2.8293
29-Aug-13,2.8263
28-Aug-13,2.8542
27-Aug-13,2.8163
23-Aug-13,2.9318
22-Aug-13,2.942
21-Aug-13,2.9364
20-Aug-13,2.905
19-Aug-13,2.9697
16-Aug-13,2.9268
15-Aug-13,2.9048
14-Aug-13,2.8581
13-Aug-13,2.8158
12-Aug-13,2.68
09-Aug-13,2.6763
08-Aug-13,2.6951
07-Aug-13,2.6901
06-Aug-13,2.6871
05-Aug-13,2.6829
02-Aug-13,2.6337
01-Aug-13,2.6106
31-Jul-13,2.5581
30-Jul-13,2.517
29-Jul-13,2.5308
26-Jul-13,2.5344
25-Jul-13,2.594
24-Jul-13,2.5951
23-Jul-13,2.506
22-Jul-13,2.4675
19-Jul-13,2.4927
18-Jul-13,2.4613
17-Jul-13,2.492
16-Jul-13,2.4652
15-Jul-13,2.5302
12-Jul-13,2.5086
11-Jul-13,2.5705
10-Jul-13,2.6051
09-Jul-13,2.6256
08-Jul-13,2.6767
05-Jul-13,2.6785
04-Jul-13,2.5707
03-Jul-13,2.5701
02-Jul-13,2.5618
01-Jul-13,2.5963
28-Jun-13,2.6171
27-Jun-13,2.59
26-Jun-13,2.6121
25-Jun-13,2.6889
24-Jun-13,2.7221
21-Jun-13,2.564
20-Jun-13,2.4551
19-Jun-13,2.2847
18-Jun-13,2.2985
17-Jun-13,2.2399
14-Jun-13,2.2244
13-Jun-13,2.2821
12-Jun-13,2.3148
11-Jun-13,2.3342
10-Jun-13,2.2996
07-Jun-13,2.2334
06-Jun-13,2.196
05-Jun-13,2.1759
04-Jun-13,2.2029
03-Jun-13,2.1557
31-May-13,2.1634
30-May-13,2.1103
29-May-13,2.1509
28-May-13,2.1052
24-May-13,2.0408
23-May-13,2.063
22-May-13,2.044
21-May-13,2.0814
20-May-13,2.0603
17-May-13,2.0285
16-May-13,2.0112
15-May-13,2.0699
14-May-13,2.0372
13-May-13,2.0206
10-May-13,2.0223
09-May-13,1.9136
08-May-13,1.893
07-May-13,1.9219
03-May-13,1.8528
02-May-13,1.7322
01-May-13,1.7875
30-Apr-13,1.7922
29-Apr-13,1.776
26-Apr-13,1.8093
25-Apr-13,1.8585
24-Apr-13,1.8164
23-Apr-13,1.8425
22-Apr-13,1.7781
19-Apr-13,1.7882
18-Apr-13,1.7854
17-Apr-13,1.8139
16-Apr-13,1.8653
15-Apr-13,1.8395
12-Apr-13,1.8604
11-Apr-13,1.8991
10-Apr-13,1.9143
09-Apr-13,1.8631
08-Apr-13,1.8158
05-Apr-13,1.7485
04-Apr-13,1.8341
03-Apr-13,1.8822
02-Apr-13,1.9075
28-Mar-13,1.9006
27-Mar-13,1.8538
26-Mar-13,1.9218
25-Mar-13,1.9343
22-Mar-13,1.9822
21-Mar-13,1.9921
20-Mar-13,2.0068
19-Mar-13,1.9617
18-Mar-13,2.035
15-Mar-13,2.0835
14-Mar-13,2.108
13-Mar-13,2.1127
12-Mar-13,2.1134
11-Mar-13,2.1612
08-Mar-13,2.2045
07-Mar-13,2.1569
06-Mar-13,2.0956
05-Mar-13,2.1025
04-Mar-13,2.043
01-Mar-13,2.006
28-Feb-13,2.1117
27-Feb-13,2.1014
26-Feb-13,2.1183
25-Feb-13,2.2351
22-Feb-13,2.2638
21-Feb-13,2.2551
20-Feb-13,2.3443
19-Feb-13,2.3204
18-Feb-13,2.3271
15-Feb-13,2.3271
14-Feb-13,2.3304
13-Feb-13,2.3327
12-Feb-13,2.2208
11-Feb-13,2.2199
08-Feb-13,2.2021
07-Feb-13,2.2065
06-Feb-13,2.2006
05-Feb-13,2.2211
04-Feb-13,2.1758
01-Feb-13,2.1905
31-Jan-13,2.1883
30-Jan-13,2.2032
29-Jan-13,2.1712
28-Jan-13,2.1894
25-Jan-13,2.1414
24-Jan-13,2.0951
23-Jan-13,2.0761
22-Jan-13,2.1031
21-Jan-13,2.1335
18-Jan-13,2.0866
17-Jan-13,2.1172
16-Jan-13,2.0738
15-Jan-13,2.0993
14-Jan-13,2.1127
11-Jan-13,2.1612
10-Jan-13,2.1729
09-Jan-13,2.0952
08-Jan-13,2.1003
07-Jan-13,2.1566
04-Jan-13,2.1906
03-Jan-13,2.145
02-Jan-13,2.056
31-Dec-12,1.8876
28-Dec-12,1.8805
27-Dec-12,1.8666
24-Dec-12,1.9515
21-Dec-12,1.9452
20-Dec-12,2.0075
19-Dec-12,2.0216
18-Dec-12,2.0079
17-Dec-12,1.9416
14-Dec-12,1.9127
13-Dec-12,1.9055
12-Dec-12,1.8651
11-Dec-12,1.8467
10-Dec-12,1.812
07-Dec-12,1.7787
06-Dec-12,1.7773
05-Dec-12,1.8096
04-Dec-12,1.8387
03-Dec-12,1.8463
30-Nov-12,1.7969
29-Nov-12,1.7786
28-Nov-12,1.7929
27-Nov-12,1.8771
26-Nov-12,1.8632
23-Nov-12,1.868
22-Nov-12,1.873
21-Nov-12,1.8829
20-Nov-12,1.8782
19-Nov-12,1.8022
16-Nov-12,1.7566
15-Nov-12,1.7587
14-Nov-12,1.7757
13-Nov-12,1.7321
12-Nov-12,1.7377
09-Nov-12,1.7537
08-Nov-12,1.7937
07-Nov-12,1.7795
06-Nov-12,1.8364
05-Nov-12,1.8369
02-Nov-12,1.8765
01-Nov-12,1.8883
31-Oct-12,1.8749
30-Oct-12,1.8497
29-Oct-12,1.8223
26-Oct-12,1.8951
25-Oct-12,1.9361
24-Oct-12,1.8671
23-Oct-12,1.8408
22-Oct-12,1.922
19-Oct-12,1.898
18-Oct-12,1.9298
17-Oct-12,1.9267
16-Oct-12,1.8269
15-Oct-12,1.7614
12-Oct-12,1.7243
11-Oct-12,1.7846
10-Oct-12,1.7653
09-Oct-12,1.7267
08-Oct-12,1.7312
05-Oct-12,1.771
04-Oct-12,1.699
03-Oct-12,1.6801
02-Oct-12,1.7052
01-Oct-12,1.7275
28-Sep-12,1.7105
27-Sep-12,1.7138
26-Sep-12,1.669
25-Sep-12,1.8089
24-Sep-12,1.8048
21-Sep-12,1.8264
20-Sep-12,1.7846
19-Sep-12,1.8301
18-Sep-12,1.8682
17-Sep-12,1.9194
14-Sep-12,1.9636
13-Sep-12,1.8071
12-Sep-12,1.8318
11-Sep-12,1.7345
10-Sep-12,1.7313
07-Sep-12,1.6811
06-Sep-12,1.7112
05-Sep-12,1.6389
04-Sep-12,1.6202
03-Sep-12,1.645
31-Aug-12,1.6236
30-Aug-12,1.6064
29-Aug-12,1.659
28-Aug-12,1.6428
24-Aug-12,1.6828
23-Aug-12,1.7218
22-Aug-12,1.7856
21-Aug-12,1.8624
20-Aug-12,1.8174
17-Aug-12,1.8247
16-Aug-12,1.8443
15-Aug-12,1.8334
14-Aug-12,1.7498
13-Aug-12,1.7098
10-Aug-12,1.6848
09-Aug-12,1.7666
08-Aug-12,1.7145
07-Aug-12,1.7498
06-Aug-12,1.6466
03-Aug-12,1.7078
02-Aug-12,1.5833
01-Aug-12,1.6627
31-Jul-12,1.6111
30-Jul-12,1.6844
27-Jul-12,1.678
26-Jul-12,1.6197
25-Jul-12,1.6001
24-Jul-12,1.6064
23-Jul-12,1.6116
20-Jul-12,1.6232
19-Jul-12,1.6659
18-Jul-12,1.6138
17-Jul-12,1.6419
16-Jul-12,1.6322
13-Jul-12,1.6872
12-Jul-12,1.6667
11-Jul-12,1.6991
10-Jul-12,1.7219
09-Jul-12,1.72
06-Jul-12,1.7315
05-Jul-12,1.7954
04-Jul-12,1.8557
03-Jul-12,1.8896
02-Jul-12,1.8298
29-Jun-12,1.8651
28-Jun-12,1.768
27-Jun-12,1.8155
26-Jun-12,1.8131
25-Jun-12,1.7987
22-Jun-12,1.8502
21-Jun-12,1.8258
20-Jun-12,1.9006
19-Jun-12,1.8499
18-Jun-12,1.7919
15-Jun-12,1.8
14-Jun-12,1.8588
13-Jun-12,1.8725
12-Jun-12,1.811
11-Jun-12,1.7624
08-Jun-12,1.7355
07-Jun-12,1.83
06-Jun-12,1.7754
01-Jun-12,1.6376
31-May-12,1.6781
30-May-12,1.7639
29-May-12,1.9011
28-May-12,1.8866
25-May-12,1.8774
24-May-12,1.8989
23-May-12,1.8931
22-May-12,1.9969
21-May-12,1.9693
18-May-12,1.9466
17-May-12,1.9562
16-May-12,1.9957
15-May-12,2.0141
14-May-12,1.9979
11-May-12,2.0853
10-May-12,2.1054
09-May-12,2.0169
08-May-12,2.0447
04-May-12,2.1081
03-May-12,2.1499
02-May-12,2.1559
01-May-12,2.2076
30-Apr-12,2.2225
27-Apr-12,2.2337
26-Apr-12,2.2083
25-Apr-12,2.2482
24-Apr-12,2.2019
23-Apr-12,2.2298
20-Apr-12,2.2827
19-Apr-12,2.2564
18-Apr-12,2.2379
17-Apr-12,2.2038
16-Apr-12,2.1347
13-Apr-12,2.1447
12-Apr-12,2.1881
11-Apr-12,2.1485
10-Apr-12,2.1032
05-Apr-12,2.2559
04-Apr-12,2.3094
03-Apr-12,2.2702
02-Apr-12,2.3261
30-Mar-12,2.3026
29-Mar-12,2.2987
28-Mar-12,2.3103
27-Mar-12,2.3647
26-Mar-12,2.4407
23-Mar-12,2.3822
22-Mar-12,2.4376
21-Mar-12,2.4865
20-Mar-12,2.5371
19-Mar-12,2.5425
16-Mar-12,2.5583
15-Mar-12,2.478
14-Mar-12,2.4427
13-Mar-12,2.2669
12-Mar-12,2.1853
09-Mar-12,2.2505
08-Mar-12,2.2416
07-Mar-12,2.2337
06-Mar-12,2.2177
05-Mar-12,2.2815
02-Mar-12,2.2345
01-Mar-12,2.3057
29-Feb-12,2.2582
28-Feb-12,2.1962
27-Feb-12,2.2087
24-Feb-12,2.2312
23-Feb-12,2.2581
22-Feb-12,2.295
21-Feb-12,2.3697
20-Feb-12,2.3952
17-Feb-12,2.3439
16-Feb-12,2.2778
15-Feb-12,2.2289
14-Feb-12,2.2504
13-Feb-12,2.2858
10-Feb-12,2.2915
09-Feb-12,2.3956
08-Feb-12,2.3415
07-Feb-12,2.3615
06-Feb-12,2.3047
03-Feb-12,2.3207
02-Feb-12,2.2348
01-Feb-12,2.1752
31-Jan-12,2.0983
30-Jan-12,2.1241
27-Jan-12,2.1993
26-Jan-12,2.2286
25-Jan-12,2.2912
24-Jan-12,2.3136
23-Jan-12,2.3022
20-Jan-12,2.2388
19-Jan-12,2.1837
18-Jan-12,2.0779
17-Jan-12,2.089
16-Jan-12,2.0974
13-Jan-12,2.0961
12-Jan-12,2.1448
11-Jan-12,2.1287
10-Jan-12,2.1873
09-Jan-12,2.1219
06-Jan-12,2.1506
05-Jan-12,2.1732
04-Jan-12,2.1673
03-Jan-12,2.155
30-Dec-11,2.105
29-Dec-11,2.0897
28-Dec-11,2.1477
23-Dec-11,2.1645
22-Dec-11,2.1707
21-Dec-11,2.1627
20-Dec-11,2.2187
19-Dec-11,2.198
16-Dec-11,2.169
15-Dec-11,2.2325
14-Dec-11,2.2122
13-Dec-11,2.2396
12-Dec-11,2.2157
09-Dec-11,2.2813
08-Dec-11,2.2427
07-Dec-11,2.3442
06-Dec-11,2.351
05-Dec-11,2.4685
02-Dec-11,2.4223
01-Dec-11,2.3936
30-Nov-11,2.4275
29-Nov-11,2.3565
28-Nov-11,2.3873
25-Nov-11,2.4371
24-Nov-11,2.3
23-Nov-11,2.2837
22-Nov-11,2.3118
21-Nov-11,2.3385
18-Nov-11,2.3882
17-Nov-11,2.3504
16-Nov-11,2.2853
15-Nov-11,2.2605
14-Nov-11,2.3222
11-Nov-11,2.418
10-Nov-11,2.3165
09-Nov-11,2.2941
08-Nov-11,2.3843
07-Nov-11,2.4091
04-Nov-11,2.441
03-Nov-11,2.4866
02-Nov-11,2.3965
01-Nov-11,2.323
31-Oct-11,2.5642
28-Oct-11,2.7559
27-Oct-11,2.7322
26-Oct-11,2.5548
25-Oct-11,2.6199
24-Oct-11,2.6717
21-Oct-11,2.6585
20-Oct-11,2.5915
19-Oct-11,2.5954
18-Oct-11,2.5593
17-Oct-11,2.6504
14-Oct-11,2.7262
13-Oct-11,2.6616
12-Oct-11,2.7553
11-Oct-11,2.6745
10-Oct-11,2.661
07-Oct-11,2.5689
06-Oct-11,2.4908
05-Oct-11,2.4461
04-Oct-11,2.3394
03-Oct-11,2.4312
30-Sep-11,2.5096
29-Sep-11,2.62
28-Sep-11,2.5982
27-Sep-11,2.6259
26-Sep-11,2.5041
23-Sep-11,2.4521
22-Sep-11,2.4201
21-Sep-11,2.5064
20-Sep-11,2.4882
19-Sep-11,2.4804
16-Sep-11,2.5756
15-Sep-11,2.6095
14-Sep-11,2.5028
13-Sep-11,2.4743
12-Sep-11,2.4645
09-Sep-11,2.5477
08-Sep-11,2.6544
07-Sep-11,2.6254
06-Sep-11,2.5752
05-Sep-11,2.5818
02-Sep-11,2.7343
01-Sep-11,2.8256
31-Aug-11,2.9038
30-Aug-11,2.7915
26-Aug-11,2.7915
25-Aug-11,2.7855
24-Aug-11,2.7997
23-Aug-11,2.6998
22-Aug-11,2.7056
19-Aug-11,2.6955
18-Aug-11,2.6113
17-Aug-11,2.7697
16-Aug-11,2.8825
15-Aug-11,2.8648
12-Aug-11,2.8604
11-Aug-11,2.8189
10-Aug-11,2.8191
09-Aug-11,3.0316
08-Aug-11,2.9703
05-Aug-11,3.0228
04-Aug-11,2.9973
03-Aug-11,3.0588
02-Aug-11,3.0896
01-Aug-11,3.1284
29-Jul-11,3.1755
28-Jul-11,3.2751
27-Jul-11,3.2876
26-Jul-11,3.3686
25-Jul-11,3.3336
22-Jul-11,3.4046
21-Jul-11,3.4786
20-Jul-11,3.3815
19-Jul-11,3.3571
18-Jul-11,3.3325
15-Jul-11,3.3786
14-Jul-11,3.4059
13-Jul-11,3.4185
12-Jul-11,3.3862
11-Jul-11,3.3823
08-Jul-11,3.4881
07-Jul-11,3.5957
06-Jul-11,3.5359
05-Jul-11,3.6146
04-Jul-11,3.6499
01-Jul-11,3.6751
30-Jun-11,3.6665
29-Jun-11,3.6173
28-Jun-11,3.5446
27-Jun-11,3.4466
24-Jun-11,3.4236
23-Jun-11,3.4347
22-Jun-11,3.4833
21-Jun-11,3.5147
20-Jun-11,3.4934
17-Jun-11,3.4841
16-Jun-11,3.4618
15-Jun-11,3.5337
14-Jun-11,3.5698
13-Jun-11,3.5276
10-Jun-11,3.5003
09-Jun-11,3.5516
08-Jun-11,3.5664
07-Jun-11,3.6058
06-Jun-11,3.5427
03-Jun-11,3.546
02-Jun-11,3.5224
01-Jun-11,3.5204
31-May-11,3.5655
27-May-11,3.5573
26-May-11,3.5685
25-May-11,3.5798
24-May-11,3.602
23-May-11,3.5636
20-May-11,3.6007
19-May-11,3.64
18-May-11,3.6207
17-May-11,3.6131
16-May-11,3.6318
13-May-11,3.6196
12-May-11,3.6178
11-May-11,3.6813
10-May-11,3.6206
09-May-11,3.6057
06-May-11,3.6344
05-May-11,3.6292
04-May-11,3.6201
03-May-11,3.6502
28-Apr-11,3.7116
27-Apr-11,3.7927
26-Apr-11,3.7173
21-Apr-11,3.7638
20-Apr-11,3.8032
19-Apr-11,3.7878
18-Apr-11,3.7773
15-Apr-11,3.822
14-Apr-11,3.9119
13-Apr-11,3.9314
12-Apr-11,3.9204
11-Apr-11,4.0365
08-Apr-11,4.0216
07-Apr-11,3.9595
06-Apr-11,3.9651
05-Apr-11,3.9621
04-Apr-11,3.9222
01-Apr-11,3.9325
31-Mar-11,3.8975
30-Mar-11,3.8796
29-Mar-11,3.8373
28-Mar-11,3.8247
25-Mar-11,3.8121
24-Mar-11,3.7974
23-Mar-11,3.7583
22-Mar-11,3.811
21-Mar-11,3.7518
18-Mar-11,3.729
17-Mar-11,3.7735
16-Mar-11,3.6925
15-Mar-11,3.7568
14-Mar-11,3.7929
11-Mar-11,3.848
10-Mar-11,3.8801
09-Mar-11,3.9619
08-Mar-11,3.9752
07-Mar-11,3.9327
04-Mar-11,3.9213
03-Mar-11,3.9994
02-Mar-11,3.9385
01-Mar-11,3.9164
28-Feb-11,3.8872
25-Feb-11,3.9026
24-Feb-11,3.9092
23-Feb-11,3.8885
22-Feb-11,3.8982
21-Feb-11,3.9526
18-Feb-11,4.0296
17-Feb-11,3.9853
16-Feb-11,4.0449
15-Feb-11,4.0682
14-Feb-11,4.0514
11-Feb-11,4.0622
10-Feb-11,4.0976
09-Feb-11,4.1011
08-Feb-11,4.0485
07-Feb-11,4.0427
04-Feb-11,4.0384
03-Feb-11,3.9916
02-Feb-11,3.9692
01-Feb-11,3.9347
31-Jan-11,3.8827
28-Jan-11,3.8859
27-Jan-11,3.9237
26-Jan-11,3.9223
25-Jan-11,3.8691
24-Jan-11,3.9028
21-Jan-11,3.923
20-Jan-11,3.9211
19-Jan-11,3.8639
18-Jan-11,3.8877
17-Jan-11,3.8435
14-Jan-11,3.832
13-Jan-11,3.8365
12-Jan-11,3.8616
11-Jan-11,3.7771
10-Jan-11,3.7259
07-Jan-11,3.7352
06-Jan-11,3.754
05-Jan-11,3.7757
04-Jan-11,3.6831
31-Dec-10,3.6174
30-Dec-10,3.6901
29-Dec-10,3.7834
24-Dec-10,3.7236
23-Dec-10,3.711
22-Dec-10,3.7195
21-Dec-10,3.7188
20-Dec-10,3.6928
17-Dec-10,3.7778
16-Dec-10,3.8486
15-Dec-10,3.8348
14-Dec-10,3.8335
13-Dec-10,3.7826
10-Dec-10,3.74
09-Dec-10,3.7268
08-Dec-10,3.7754
07-Dec-10,3.698
06-Dec-10,3.6313
03-Dec-10,3.6511
02-Dec-10,3.6423
01-Dec-10,3.5936
30-Nov-10,3.4591
29-Nov-10,3.5712
26-Nov-10,3.5733
25-Nov-10,3.5952
24-Nov-10,3.5689
23-Nov-10,3.4931
22-Nov-10,3.5618
19-Nov-10,3.6156
18-Nov-10,3.6152
17-Nov-10,3.4981
16-Nov-10,3.5277
15-Nov-10,3.4894
12-Nov-10,3.4177
11-Nov-10,3.3725
10-Nov-10,3.3811
09-Nov-10,3.2601
08-Nov-10,3.2285
05-Nov-10,3.203
04-Nov-10,3.18
03-Nov-10,3.2235
02-Nov-10,3.2572
01-Nov-10,3.2704
29-Oct-10,3.3042
28-Oct-10,3.3703
27-Oct-10,3.3728
26-Oct-10,3.2739
25-Oct-10,3.1414
22-Oct-10,3.1718
21-Oct-10,3.156
20-Oct-10,3.2078
19-Oct-10,3.2192
18-Oct-10,3.1763
15-Oct-10,3.1529
14-Oct-10,3.0868
13-Oct-10,3.0864
12-Oct-10,3.0525
11-Oct-10,3.0874
08-Oct-10,3.0665
07-Oct-10,3.1317
06-Oct-10,3.1004
05-Oct-10,3.1686
04-Oct-10,3.1342
01-Oct-10,3.1749
30-Sep-10,3.1512
29-Sep-10,3.109
28-Sep-10,3.1339
27-Sep-10,3.1772
24-Sep-10,3.2459
23-Sep-10,3.1553
22-Sep-10,3.1757
21-Sep-10,3.3271
20-Sep-10,3.3641
17-Sep-10,3.3361
16-Sep-10,3.35
15-Sep-10,3.2845
14-Sep-10,3.2597
13-Sep-10,3.3194
10-Sep-10,3.3269
09-Sep-10,3.2533
08-Sep-10,3.1863
07-Sep-10,3.1091
06-Sep-10,3.1769
03-Sep-10,3.2038
02-Sep-10,3.1545
01-Sep-10,3.1237
31-Aug-10,3.0217
27-Aug-10,3.0879
26-Aug-10,3.0803
25-Aug-10,3.098
24-Aug-10,3.1351
23-Aug-10,3.2305
20-Aug-10,3.235
19-Aug-10,3.267
18-Aug-10,3.283
17-Aug-10,3.3175
16-Aug-10,3.301
13-Aug-10,3.3738
12-Aug-10,3.3682
11-Aug-10,3.3953
10-Aug-10,3.5039
09-Aug-10,3.486
06-Aug-10,3.4676
05-Aug-10,3.4776
04-Aug-10,3.5349
03-Aug-10,3.5213
02-Aug-10,3.5911
30-Jul-10,3.5691
29-Jul-10,3.6596
28-Jul-10,3.7196
27-Jul-10,3.7438
26-Jul-10,3.6924
23-Jul-10,3.6733
22-Jul-10,3.6015
21-Jul-10,3.5898
20-Jul-10,3.5922
19-Jul-10,3.5925
16-Jul-10,3.5762
15-Jul-10,3.6133
14-Jul-10,3.633
13-Jul-10,3.6078
12-Jul-10,3.5665
09-Jul-10,3.561
08-Jul-10,3.6005
07-Jul-10,3.5914
06-Jul-10,3.5802
05-Jul-10,3.5494
02-Jul-10,3.5883
01-Jul-10,3.5406
30-Jun-10,3.5853
29-Jun-10,3.6244
28-Jun-10,3.6103
25-Jun-10,3.6143
24-Jun-10,3.6146
23-Jun-10,3.6655
22-Jun-10,3.6863
21-Jun-10,3.7352
18-Jun-10,3.7648
17-Jun-10,3.7114
16-Jun-10,3.7585
15-Jun-10,3.7726
14-Jun-10,3.7655
11-Jun-10,3.6786
10-Jun-10,3.773
09-Jun-10,3.7419
08-Jun-10,3.6848
07-Jun-10,3.7098
04-Jun-10,3.7306
03-Jun-10,3.8023
02-Jun-10,3.7545
01-Jun-10,3.7824
28-May-10,3.7919
27-May-10,3.8178
26-May-10,3.7628
25-May-10,3.665
24-May-10,3.7427
21-May-10,3.7415
20-May-10,3.7595
19-May-10,3.8661
18-May-10,3.9567
17-May-10,3.9501
14-May-10,3.9577
13-May-10,4.036
12-May-10,4.0265
11-May-10,4.073
10-May-10,4.1069
07-May-10,4.0203
06-May-10,3.9799
05-May-10,4.0018
04-May-10,4.0243
30-Apr-10,4.1034
29-Apr-10,4.1959
28-Apr-10,4.1868
27-Apr-10,4.2102
26-Apr-10,4.2481
23-Apr-10,4.2918
22-Apr-10,4.2358
21-Apr-10,4.2821
20-Apr-10,4.2867
19-Apr-10,4.2597
16-Apr-10,4.251
15-Apr-10,4.2976
14-Apr-10,4.2853
13-Apr-10,4.2788
12-Apr-10,4.3077
09-Apr-10,4.3063
08-Apr-10,4.2601
07-Apr-10,4.2994
06-Apr-10,4.252
01-Apr-10,4.1684
31-Mar-10,4.1764
30-Mar-10,4.2239
29-Mar-10,4.2045
26-Mar-10,4.2724
25-Mar-10,4.2573
24-Mar-10,4.1947
23-Mar-10,4.1391
22-Mar-10,4.1362
19-Mar-10,4.171
18-Mar-10,4.1921
17-Mar-10,4.2177
16-Mar-10,4.2394
15-Mar-10,4.2779
12-Mar-10,4.3126
11-Mar-10,4.3551
10-Mar-10,4.2823
09-Mar-10,4.2477
08-Mar-10,4.2968
05-Mar-10,4.2586
04-Mar-10,4.1999
03-Mar-10,4.2297
02-Mar-10,4.2237
01-Mar-10,4.2837
26-Feb-10,4.2373
25-Feb-10,4.2396
24-Feb-10,4.2179
23-Feb-10,4.3132
22-Feb-10,4.3617
19-Feb-10,4.3988
18-Feb-10,4.3233
17-Feb-10,4.2531
16-Feb-10,4.2575
15-Feb-10,4.2954
12-Feb-10,4.2698
11-Feb-10,4.245
10-Feb-10,4.1382
09-Feb-10,4.1673
08-Feb-10,4.16
05-Feb-10,4.0986
04-Feb-10,4.11
03-Feb-10,4.1199
02-Feb-10,4.1189
01-Feb-10,4.0995
29-Jan-10,4.1135
28-Jan-10,4.1512
27-Jan-10,4.0816
26-Jan-10,4.0831
25-Jan-10,4.1091
22-Jan-10,4.1237
21-Jan-10,4.1288
20-Jan-10,4.2062
19-Jan-10,4.218
18-Jan-10,4.1303
15-Jan-10,4.1263
14-Jan-10,4.1764
13-Jan-10,4.1512
12-Jan-10,4.1284
11-Jan-10,4.1795
08-Jan-10,4.2574
07-Jan-10,4.246
06-Jan-10,4.2473
05-Jan-10,4.1991
04-Jan-10,4.1421
