Date,"Yield from British Government Securities, 10 year Nominal Par Yield              [a]             IUDMNPY"
24-Dec-25,4.4978
23-Dec-25,4.492
22-Dec-25,4.5169
19-Dec-25,4.496
18-Dec-25,4.4614
17-Dec-25,4.4526
16-Dec-25,4.4919
15-Dec-25,4.4744
12-Dec-25,4.498
11-Dec-25,4.4568
10-Dec-25,4.4964
09-Dec-25,4.4901
08-Dec-25,4.5245
05-Dec-25,4.471
04-Dec-25,4.4503
03-Dec-25,4.4598
02-Dec-25,4.4985
01-Dec-25,4.4821
28-Nov-25,4.4703
27-Nov-25,4.4801
26-Nov-25,4.4791
25-Nov-25,4.5163
24-Nov-25,4.5529
21-Nov-25,4.5272
20-Nov-25,4.5464
19-Nov-25,4.5958
18-Nov-25,4.5483
17-Nov-25,4.5321
14-Nov-25,4.5733
13-Nov-25,4.4586
12-Nov-25,4.4344
11-Nov-25,4.4171
10-Nov-25,4.4826
07-Nov-25,4.4865
06-Nov-25,4.4667
05-Nov-25,4.4897
04-Nov-25,4.4379
03-Nov-25,4.4745
31-Oct-25,4.4234
30-Oct-25,4.4369
29-Oct-25,4.4251
28-Oct-25,4.4298
27-Oct-25,4.4367
24-Oct-25,4.4576
23-Oct-25,4.4411
22-Oct-25,4.4445
21-Oct-25,4.5105
20-Oct-25,4.538
17-Oct-25,4.5587
16-Oct-25,4.5398
15-Oct-25,4.5595
14-Oct-25,4.6061
13-Oct-25,4.6658
10-Oct-25,4.6814
09-Oct-25,4.7413
08-Oct-25,4.7157
07-Oct-25,4.7282
06-Oct-25,4.7172
03-Oct-25,4.6982
02-Oct-25,4.7119
01-Oct-25,4.6901
30-Sep-25,4.6909
29-Sep-25,4.7045
26-Sep-25,4.7396
25-Sep-25,4.7396
24-Sep-25,4.6806
23-Sep-25,4.6886
22-Sep-25,4.7098
19-Sep-25,4.7296
18-Sep-25,4.6692
17-Sep-25,4.6374
16-Sep-25,4.6506
15-Sep-25,4.6496
12-Sep-25,4.669
11-Sep-25,4.6238
10-Sep-25,4.6525
09-Sep-25,4.6409
08-Sep-25,4.6211
05-Sep-25,4.644
04-Sep-25,4.7377
03-Sep-25,4.737
02-Sep-25,4.7873
01-Sep-25,4.7429
29-Aug-25,4.7238
28-Aug-25,4.7109
27-Aug-25,4.7252
26-Aug-25,4.7416
22-Aug-25,4.6863
21-Aug-25,4.7273
20-Aug-25,4.6743
19-Aug-25,4.7312
18-Aug-25,4.7314
15-Aug-25,4.6755
14-Aug-25,4.6284
13-Aug-25,4.5824
12-Aug-25,4.6019
11-Aug-25,4.563
08-Aug-25,4.5892
07-Aug-25,4.5471
06-Aug-25,4.5223
05-Aug-25,4.5159
04-Aug-25,4.5203
01-Aug-25,4.5393
31-Jul-25,4.5773
30-Jul-25,4.5777
29-Jul-25,4.5647
28-Jul-25,4.6024
25-Jul-25,4.601
24-Jul-25,4.6078
23-Jul-25,4.5841
22-Jul-25,4.5997
21-Jul-25,4.6154
18-Jul-25,4.6749
17-Jul-25,4.6372
16-Jul-25,4.6434
15-Jul-25,4.6471
14-Jul-25,4.568
11-Jul-25,4.6327
10-Jul-25,4.5949
09-Jul-25,4.6227
08-Jul-25,4.6365
07-Jul-25,4.5363
04-Jul-25,4.5561
03-Jul-25,4.547
02-Jul-25,4.5985
01-Jul-25,4.3996
30-Jun-25,4.4412
27-Jun-25,4.4368
26-Jun-25,4.4305
25-Jun-25,4.4629
24-Jun-25,4.4586
23-Jun-25,4.4192
20-Jun-25,4.521
19-Jun-25,4.5397
18-Jun-25,4.4604
17-Jun-25,4.536
16-Jun-25,4.5198
13-Jun-25,4.493
12-Jun-25,4.491
11-Jun-25,4.5732
10-Jun-25,4.5467
09-Jun-25,4.6404
06-Jun-25,4.6273
05-Jun-25,4.5778
04-Jun-25,4.5816
03-Jun-25,4.6034
02-Jun-25,4.6604
30-May-25,4.5907
29-May-25,4.6159
28-May-25,4.7333
27-May-25,4.6046
23-May-25,4.6881
22-May-25,4.7477
21-May-25,4.7585
20-May-25,4.6752
19-May-25,4.6374
16-May-25,4.6256
15-May-25,4.6294
14-May-25,4.6795
13-May-25,4.6023
12-May-25,4.6465
09-May-25,4.469
08-May-25,4.5377
07-May-25,4.4164
06-May-25,4.452
02-May-25,4.4953
01-May-25,4.4019
30-Apr-25,4.4072
29-Apr-25,4.4406
28-Apr-25,4.4773
25-Apr-25,4.4436
24-Apr-25,4.574
23-Apr-25,4.6411
22-Apr-25,4.648
17-Apr-25,4.5096
16-Apr-25,4.5607
15-Apr-25,4.6193
14-Apr-25,4.6241
11-Apr-25,4.739
10-Apr-25,4.689
09-Apr-25,4.719
08-Apr-25,4.557
07-Apr-25,4.6381
04-Apr-25,4.4944
03-Apr-25,4.563
02-Apr-25,4.5877
01-Apr-25,4.5912
31-Mar-25,4.653
28-Mar-25,4.693
27-Mar-25,4.7519
26-Mar-25,4.7062
25-Mar-25,4.7229
24-Mar-25,4.6869
21-Mar-25,4.67
20-Mar-25,4.655
19-Mar-25,4.6272
18-Mar-25,4.6423
17-Mar-25,4.6205
14-Mar-25,4.6501
13-Mar-25,4.673
12-Mar-25,4.7054
11-Mar-25,4.6463
10-Mar-25,4.6034
07-Mar-25,4.5589
06-Mar-25,4.6096
05-Mar-25,4.6107
04-Mar-25,4.4934
03-Mar-25,4.5608
28-Feb-25,4.5004
27-Feb-25,4.4926
26-Feb-25,4.4807
25-Feb-25,4.4716
24-Feb-25,4.507
21-Feb-25,4.5268
20-Feb-25,4.5678
19-Feb-25,4.5617
18-Feb-25,4.5074
17-Feb-25,4.5486
14-Feb-25,4.5277
13-Feb-25,4.5215
12-Feb-25,4.6001
11-Feb-25,4.5046
10-Feb-25,4.4255
07-Feb-25,4.474
06-Feb-25,4.4484
05-Feb-25,4.4172
04-Feb-25,4.5483
03-Feb-25,4.4932
31-Jan-25,4.5072
30-Jan-25,4.546
29-Jan-25,4.6216
28-Jan-25,4.6468
27-Jan-25,4.559
24-Jan-25,4.6379
23-Jan-25,4.6313
22-Jan-25,4.5971
21-Jan-25,4.5757
20-Jan-25,4.6715
17-Jan-25,4.6424
16-Jan-25,4.6908
15-Jan-25,4.69
14-Jan-25,4.9145
13-Jan-25,4.8942
10-Jan-25,4.86
09-Jan-25,4.7733
08-Jan-25,4.7974
07-Jan-25,4.6231
06-Jan-25,4.6299
03-Jan-25,4.5325
02-Jan-25,4.537
31-Dec-24,4.5173
30-Dec-24,4.5943
27-Dec-24,4.6013
24-Dec-24,4.6342
23-Dec-24,4.6032
20-Dec-24,4.4847
19-Dec-24,4.5329
18-Dec-24,4.5226
17-Dec-24,4.5202
16-Dec-24,4.4891
13-Dec-24,4.4688
12-Dec-24,4.3811
11-Dec-24,4.3582
10-Dec-24,4.3578
09-Dec-24,4.2941
06-Dec-24,4.3115
05-Dec-24,4.2848
04-Dec-24,4.25
03-Dec-24,4.2491
02-Dec-24,4.2344
29-Nov-24,4.2484
28-Nov-24,4.3204
27-Nov-24,4.3207
26-Nov-24,4.3263
25-Nov-24,4.3471
22-Nov-24,4.381
21-Nov-24,4.4551
20-Nov-24,4.4083
19-Nov-24,4.3753
18-Nov-24,4.4288
15-Nov-24,4.4432
14-Nov-24,4.4628
13-Nov-24,4.4651
12-Nov-24,4.4213
11-Nov-24,4.405
08-Nov-24,4.4641
07-Nov-24,4.478
06-Nov-24,4.5408
05-Nov-24,4.5527
04-Nov-24,4.4607
01-Nov-24,4.4395
31-Oct-24,4.4102
30-Oct-24,4.3703
29-Oct-24,4.2908
28-Oct-24,4.2796
25-Oct-24,4.2136
24-Oct-24,4.261
23-Oct-24,4.2608
22-Oct-24,4.2009
21-Oct-24,4.1684
18-Oct-24,4.0974
17-Oct-24,4.1734
16-Oct-24,4.1143
15-Oct-24,4.2284
14-Oct-24,4.2651
11-Oct-24,4.2472
10-Oct-24,4.2433
09-Oct-24,4.1845
08-Oct-24,4.1933
07-Oct-24,4.2061
04-Oct-24,4.1435
03-Oct-24,4.0244
02-Oct-24,4.0532
01-Oct-24,3.9542
30-Sep-24,4.0204
27-Sep-24,4.0035
26-Sep-24,3.9945
25-Sep-24,3.9971
24-Sep-24,3.9402
23-Sep-24,3.9385
20-Sep-24,3.921
19-Sep-24,3.8943
18-Sep-24,3.8563
17-Sep-24,3.7818
16-Sep-24,3.7659
13-Sep-24,3.7809
12-Sep-24,3.7912
11-Sep-24,3.8418
10-Sep-24,3.8418
09-Sep-24,3.8708
06-Sep-24,3.89
05-Sep-24,3.9242
04-Sep-24,3.9307
03-Sep-24,3.9809
02-Sep-24,4.045
30-Aug-24,4.0003
29-Aug-24,4.0206
28-Aug-24,4.0012
27-Aug-24,3.9956
23-Aug-24,3.9324
22-Aug-24,3.9831
21-Aug-24,3.9218
20-Aug-24,3.9352
19-Aug-24,3.9623
16-Aug-24,3.9448
15-Aug-24,3.9442
14-Aug-24,3.8461
13-Aug-24,3.9026
12-Aug-24,3.9581
09-Aug-24,3.9588
08-Aug-24,3.9819
07-Aug-24,3.9771
06-Aug-24,3.9281
05-Aug-24,3.8753
02-Aug-24,3.8678
01-Aug-24,3.8949
31-Jul-24,4.0037
30-Jul-24,4.0607
29-Jul-24,4.0693
26-Jul-24,4.1176
25-Jul-24,4.1389
24-Jul-24,4.1552
23-Jul-24,4.1479
22-Jul-24,4.1494
19-Jul-24,4.1312
18-Jul-24,4.0583
17-Jul-24,4.0936
16-Jul-24,4.1175
15-Jul-24,4.1175
12-Jul-24,4.1311
11-Jul-24,4.101
10-Jul-24,4.1548
09-Jul-24,4.1775
08-Jul-24,4.1303
05-Jul-24,4.1607
04-Jul-24,4.2293
03-Jul-24,4.1797
02-Jul-24,4.2688
01-Jul-24,4.2941
28-Jun-24,4.195
27-Jun-24,4.154
26-Jun-24,4.1585
25-Jun-24,4.0889
24-Jun-24,4.1035
21-Jun-24,4.0966
20-Jun-24,4.0782
19-Jun-24,4.0944
18-Jun-24,4.0784
17-Jun-24,4.1274
14-Jun-24,4.0719
13-Jun-24,4.1686
12-Jun-24,4.1569
11-Jun-24,4.2883
10-Jun-24,4.3348
07-Jun-24,4.2688
06-Jun-24,4.1856
05-Jun-24,4.1979
04-Jun-24,4.1956
03-Jun-24,4.2443
31-May-24,4.3167
30-May-24,4.3743
29-May-24,4.3995
28-May-24,4.2698
24-May-24,4.2698
23-May-24,4.2736
22-May-24,4.2405
21-May-24,4.1598
20-May-24,4.1824
17-May-24,4.1386
16-May-24,4.0711
15-May-24,4.0747
14-May-24,4.1769
13-May-24,4.1771
10-May-24,4.1754
09-May-24,4.1521
08-May-24,4.1425
07-May-24,4.1436
03-May-24,4.249
02-May-24,4.3113
01-May-24,4.3822
30-Apr-24,4.3695
29-Apr-24,4.2977
26-Apr-24,4.3357
25-Apr-24,4.3694
24-Apr-24,4.342
23-Apr-24,4.265
22-Apr-24,4.2162
19-Apr-24,4.263
18-Apr-24,4.2757
17-Apr-24,4.2944
16-Apr-24,4.3113
15-Apr-24,4.2591
12-Apr-24,4.1494
11-Apr-24,4.2332
10-Apr-24,4.1474
09-Apr-24,4.0415
08-Apr-24,4.1025
05-Apr-24,4.0858
04-Apr-24,4.0247
03-Apr-24,4.0837
02-Apr-24,4.0942
28-Mar-24,3.9457
27-Mar-24,3.9611
26-Mar-24,3.99
25-Mar-24,4.0112
22-Mar-24,3.9608
21-Mar-24,4.0071
20-Mar-24,4.0677
19-Mar-24,4.0677
18-Mar-24,4.1006
15-Mar-24,4.1124
14-Mar-24,4.0972
13-Mar-24,4.0294
12-Mar-24,3.9679
11-Mar-24,3.9892
08-Mar-24,4.0021
07-Mar-24,4.0278
06-Mar-24,4.0295
05-Mar-24,4.0299
04-Mar-24,4.1482
01-Mar-24,4.115
29-Feb-24,4.1372
28-Feb-24,4.2013
27-Feb-24,4.1943
26-Feb-24,4.1553
23-Feb-24,4.1331
22-Feb-24,4.1682
21-Feb-24,4.1651
20-Feb-24,4.1306
19-Feb-24,4.1867
16-Feb-24,4.1806
15-Feb-24,4.1236
14-Feb-24,4.1318
13-Feb-24,4.2087
12-Feb-24,4.141
09-Feb-24,4.1612
08-Feb-24,4.1214
07-Feb-24,4.048
06-Feb-24,4.0315
05-Feb-24,4.1197
02-Feb-24,4.0066
01-Feb-24,3.8379
31-Jan-24,3.8953
30-Jan-24,4.0065
29-Jan-24,3.9961
26-Jan-24,4.0613
25-Jan-24,4.0581
24-Jan-24,4.086
23-Jan-24,4.0587
22-Jan-24,3.9756
19-Jan-24,3.9969
18-Jan-24,4.0123
17-Jan-24,4.0473
16-Jan-24,3.89
15-Jan-24,3.8809
12-Jan-24,3.8792
11-Jan-24,3.9213
10-Jan-24,3.8839
09-Jan-24,3.868
08-Jan-24,3.8619
05-Jan-24,3.8398
04-Jan-24,3.8006
03-Jan-24,3.7638
02-Jan-24,3.719
29-Dec-23,3.6206
28-Dec-23,3.5644
27-Dec-23,3.529
22-Dec-23,3.5781
21-Dec-23,3.6043
20-Dec-23,3.6198
19-Dec-23,3.7117
18-Dec-23,3.7671
15-Dec-23,3.7717
14-Dec-23,3.8529
13-Dec-23,3.905
12-Dec-23,4.0396
11-Dec-23,4.1428
08-Dec-23,4.0826
07-Dec-23,4.0406
06-Dec-23,4.0264
05-Dec-23,4.0844
04-Dec-23,4.2329
01-Dec-23,4.2074
30-Nov-23,4.2231
29-Nov-23,4.1444
28-Nov-23,4.2197
27-Nov-23,4.2654
24-Nov-23,4.3417
23-Nov-23,4.2939
22-Nov-23,4.2136
21-Nov-23,4.1437
20-Nov-23,4.1596
17-Nov-23,4.1488
16-Nov-23,4.1533
15-Nov-23,4.238
14-Nov-23,4.1922
13-Nov-23,4.359
10-Nov-23,4.3515
09-Nov-23,4.3025
08-Nov-23,4.2757
07-Nov-23,4.3113
06-Nov-23,4.3941
03-Nov-23,4.3283
02-Nov-23,4.4154
01-Nov-23,4.5103
31-Oct-23,4.5325
30-Oct-23,4.5826
27-Oct-23,4.6118
26-Oct-23,4.6118
25-Oct-23,4.6212
24-Oct-23,4.5809
23-Oct-23,4.633
20-Oct-23,4.6724
19-Oct-23,4.7012
18-Oct-23,4.6723
17-Oct-23,4.5556
16-Oct-23,4.5153
13-Oct-23,4.4346
12-Oct-23,4.4493
11-Oct-23,4.3655
10-Oct-23,4.4739
09-Oct-23,4.5254
06-Oct-23,4.6205
05-Oct-23,4.567
04-Oct-23,4.6232
03-Oct-23,4.6061
02-Oct-23,4.5728
29-Sep-23,4.4498
28-Sep-23,4.5662
27-Sep-23,4.3831
26-Sep-23,4.3557
25-Sep-23,4.3514
22-Sep-23,4.2906
21-Sep-23,4.3153
20-Sep-23,4.2705
19-Sep-23,4.3797
18-Sep-23,4.4253
15-Sep-23,4.3755
14-Sep-23,4.2978
13-Sep-23,4.3803
12-Sep-23,4.4523
11-Sep-23,4.5158
08-Sep-23,4.4474
07-Sep-23,4.5045
06-Sep-23,4.5773
05-Sep-23,4.5423
04-Sep-23,4.4995
01-Sep-23,4.4383
31-Aug-23,4.3927
30-Aug-23,4.462
29-Aug-23,4.4828
25-Aug-23,4.4991
24-Aug-23,4.4694
23-Aug-23,4.5148
22-Aug-23,4.7039
21-Aug-23,4.7603
18-Aug-23,4.7151
17-Aug-23,4.7501
16-Aug-23,4.6545
15-Aug-23,4.6272
14-Aug-23,4.5957
11-Aug-23,4.5557
10-Aug-23,4.4037
09-Aug-23,4.4165
08-Aug-23,4.4208
07-Aug-23,4.4674
04-Aug-23,4.4311
03-Aug-23,4.4868
02-Aug-23,4.4258
01-Aug-23,4.421
31-Jul-23,4.2896
28-Jul-23,4.344
27-Jul-23,4.305
26-Jul-23,4.3072
25-Jul-23,4.3024
24-Jul-23,4.2825
21-Jul-23,4.2975
20-Jul-23,4.3007
19-Jul-23,4.2306
18-Jul-23,4.3623
17-Jul-23,4.4673
14-Jul-23,4.4621
13-Jul-23,4.4953
12-Jul-23,4.5878
11-Jul-23,4.6843
10-Jul-23,4.6674
07-Jul-23,4.6646
06-Jul-23,4.6799
05-Jul-23,4.5199
04-Jul-23,4.4491
03-Jul-23,4.4811
30-Jun-23,4.4449
29-Jun-23,4.4341
28-Jun-23,4.3958
27-Jun-23,4.4337
26-Jun-23,4.3777
23-Jun-23,4.37
22-Jun-23,4.4193
21-Jun-23,4.4482
20-Jun-23,4.3786
19-Jun-23,4.5267
16-Jun-23,4.4715
15-Jun-23,4.4456
14-Jun-23,4.4018
13-Jun-23,4.4584
12-Jun-23,4.3579
09-Jun-23,4.2633
08-Jun-23,4.2854
07-Jun-23,4.3165
06-Jun-23,4.2429
05-Jun-23,4.2411
02-Jun-23,4.1789
01-Jun-23,4.1576
31-May-23,4.2038
30-May-23,4.2606
26-May-23,4.3826
25-May-23,4.3896
24-May-23,4.2216
23-May-23,4.1785
22-May-23,4.0602
19-May-23,4.0193
18-May-23,3.9734
17-May-23,3.8432
16-May-23,3.8295
15-May-23,3.8303
12-May-23,3.7868
11-May-23,3.7306
10-May-23,3.8051
09-May-23,3.8395
05-May-23,3.7809
04-May-23,3.6973
03-May-23,3.7164
02-May-23,3.693
28-Apr-23,3.7415
27-Apr-23,3.8013
26-Apr-23,3.7166
25-Apr-23,3.7002
24-Apr-23,3.7719
21-Apr-23,3.7758
20-Apr-23,3.7879
19-Apr-23,3.8576
18-Apr-23,3.7417
17-Apr-23,3.6992
14-Apr-23,3.6561
13-Apr-23,3.5676
12-Apr-23,3.5676
11-Apr-23,3.5441
06-Apr-23,3.4481
05-Apr-23,3.4542
04-Apr-23,3.4485
03-Apr-23,3.4249
31-Mar-23,3.5401
30-Mar-23,3.5277
29-Mar-23,3.4694
28-Mar-23,3.4706
27-Mar-23,3.3929
24-Mar-23,3.3066
23-Mar-23,3.3916
22-Mar-23,3.5102
21-Mar-23,3.4058
20-Mar-23,3.3627
17-Mar-23,3.3148
16-Mar-23,3.4036
15-Mar-23,3.3824
14-Mar-23,3.5495
13-Mar-23,3.4304
10-Mar-23,3.6342
09-Mar-23,3.8121
08-Mar-23,3.7666
07-Mar-23,3.8398
06-Mar-23,3.8515
03-Mar-23,3.873
02-Mar-23,3.8812
01-Mar-23,3.8512
28-Feb-23,3.86
27-Feb-23,3.8442
24-Feb-23,3.7898
23-Feb-23,3.7413
22-Feb-23,3.7354
21-Feb-23,3.7147
20-Feb-23,3.5627
17-Feb-23,3.6325
16-Feb-23,3.6119
15-Feb-23,3.5844
14-Feb-23,3.5784
13-Feb-23,3.5225
10-Feb-23,3.5246
09-Feb-23,3.4292
08-Feb-23,3.4376
07-Feb-23,3.4225
06-Feb-23,3.3542
03-Feb-23,3.1815
02-Feb-23,3.1376
01-Feb-23,3.44
31-Jan-23,3.4598
30-Jan-23,3.458
27-Jan-23,3.4557
26-Jan-23,3.4346
25-Jan-23,3.3902
24-Jan-23,3.3848
23-Jan-23,3.443
20-Jan-23,3.4377
19-Jan-23,3.42
18-Jan-23,3.4145
17-Jan-23,3.453
16-Jan-23,3.4679
13-Jan-23,3.464
12-Jan-23,3.466
11-Jan-23,3.5294
10-Jan-23,3.6947
09-Jan-23,3.6674
06-Jan-23,3.5892
05-Jan-23,3.6752
04-Jan-23,3.6502
03-Jan-23,3.7856
30-Dec-22,3.7992
29-Dec-22,3.8278
28-Dec-22,3.8195
23-Dec-22,3.773
22-Dec-22,3.7436
21-Dec-22,3.6692
20-Dec-22,3.7051
19-Dec-22,3.5826
16-Dec-22,3.4544
15-Dec-22,3.3882
14-Dec-22,3.4314
13-Dec-22,3.4198
12-Dec-22,3.3663
09-Dec-22,3.3567
08-Dec-22,3.2983
07-Dec-22,3.2179
06-Dec-22,3.2571
05-Dec-22,3.3315
02-Dec-22,3.3303
01-Dec-22,3.2583
30-Nov-22,3.3672
29-Nov-22,3.2923
28-Nov-22,3.252
25-Nov-22,3.2644
24-Nov-22,3.1731
23-Nov-22,3.1449
22-Nov-22,3.2704
21-Nov-22,3.305
18-Nov-22,3.359
17-Nov-22,3.3225
16-Nov-22,3.2716
15-Nov-22,3.4295
14-Nov-22,3.4704
11-Nov-22,3.472
10-Nov-22,3.39
09-Nov-22,3.5587
08-Nov-22,3.6612
07-Nov-22,3.7266
04-Nov-22,3.6542
03-Nov-22,3.6192
02-Nov-22,3.5617
01-Nov-22,3.6095
31-Oct-22,3.6952
28-Oct-22,3.5973
27-Oct-22,3.6242
26-Oct-22,3.7345
25-Oct-22,3.7839
24-Oct-22,3.8651
21-Oct-22,4.1572
20-Oct-22,3.9594
19-Oct-22,3.9646
18-Oct-22,4.0755
17-Oct-22,4.1325
14-Oct-22,4.4466
13-Oct-22,4.38
12-Oct-22,4.6289
11-Oct-22,4.6433
10-Oct-22,4.6494
07-Oct-22,4.3984
06-Oct-22,4.3286
05-Oct-22,4.17
04-Oct-22,4.018
03-Oct-22,4.048
30-Sep-22,4.163
29-Sep-22,4.2203
28-Sep-22,4.1164
27-Sep-22,4.527
26-Sep-22,4.288
23-Sep-22,3.9689
22-Sep-22,3.626
21-Sep-22,3.4434
20-Sep-22,3.4029
16-Sep-22,3.2627
15-Sep-22,3.2305
14-Sep-22,3.2082
13-Sep-22,3.2285
12-Sep-22,3.1377
09-Sep-22,3.2043
08-Sep-22,3.106
07-Sep-22,3.106
06-Sep-22,3.1337
05-Sep-22,3.0651
02-Sep-22,3.0485
01-Sep-22,3.0279
31-Aug-22,2.9196
30-Aug-22,2.847
26-Aug-22,2.791
25-Aug-22,2.7857
24-Aug-22,2.7722
23-Aug-22,2.6592
22-Aug-22,2.5594
19-Aug-22,2.4783
18-Aug-22,2.404
17-Aug-22,2.3736
16-Aug-22,2.1997
15-Aug-22,2.068
12-Aug-22,2.2073
11-Aug-22,2.1374
10-Aug-22,2.049
09-Aug-22,2.0666
08-Aug-22,2.0194
05-Aug-22,2.1381
04-Aug-22,1.9591
03-Aug-22,2.02
02-Aug-22,1.9179
01-Aug-22,1.8395
29-Jul-22,1.9637
28-Jul-22,1.9465
27-Jul-22,2.0724
26-Jul-22,2.0278
25-Jul-22,2.0384
22-Jul-22,2.0678
21-Jul-22,2.1532
20-Jul-22,2.2579
19-Jul-22,2.3113
18-Jul-22,2.2274
15-Jul-22,2.2038
14-Jul-22,2.1707
13-Jul-22,2.1521
12-Jul-22,2.1434
11-Jul-22,2.222
08-Jul-22,2.2671
07-Jul-22,2.1828
06-Jul-22,2.1235
05-Jul-22,2.1628
04-Jul-22,2.2354
01-Jul-22,2.1225
30-Jun-22,2.2806
29-Jun-22,2.3848
28-Jun-22,2.4684
27-Jun-22,2.3787
24-Jun-22,2.2954
23-Jun-22,2.2844
22-Jun-22,2.4592
21-Jun-22,2.6263
20-Jun-22,2.5849
17-Jun-22,2.4819
16-Jun-22,2.4913
15-Jun-22,2.4242
14-Jun-22,2.5249
13-Jun-22,2.4819
10-Jun-22,2.4046
09-Jun-22,2.2972
08-Jun-22,2.2207
07-Jun-22,2.1854
06-Jun-22,2.2435
01-Jun-22,2.1294
31-May-22,2.1072
30-May-22,1.9786
27-May-22,1.9216
26-May-22,1.9727
25-May-22,1.8999
24-May-22,1.8746
23-May-22,1.984
20-May-22,1.8993
19-May-22,1.8793
18-May-22,1.8659
17-May-22,1.8839
16-May-22,1.7388
13-May-22,1.7448
12-May-22,1.7028
11-May-22,1.8623
10-May-22,1.8438
09-May-22,1.9488
06-May-22,2.0088
05-May-22,1.9651
04-May-22,1.9901
03-May-22,1.9722
29-Apr-22,1.9376
28-Apr-22,1.8892
27-Apr-22,1.8347
26-Apr-22,1.8123
25-Apr-22,1.8692
22-Apr-22,1.9767
21-Apr-22,1.9958
20-Apr-22,1.9321
19-Apr-22,2.0018
14-Apr-22,1.899
13-Apr-22,1.8443
12-Apr-22,1.8189
11-Apr-22,1.8555
08-Apr-22,1.8111
07-Apr-22,1.7843
06-Apr-22,1.7691
05-Apr-22,1.7111
04-Apr-22,1.6199
01-Apr-22,1.5251
31-Mar-22,1.6696
30-Mar-22,1.6946
29-Mar-22,1.693
28-Mar-22,1.6646
25-Mar-22,1.7315
24-Mar-22,1.6858
23-Mar-22,1.7071
22-Mar-22,1.7051
21-Mar-22,1.6378
18-Mar-22,1.5289
17-Mar-22,1.5911
16-Mar-22,1.6552
15-Mar-22,1.6164
14-Mar-22,1.6167
11-Mar-22,1.5403
10-Mar-22,1.5594
09-Mar-22,1.5345
08-Mar-22,1.4346
07-Mar-22,1.3179
04-Mar-22,1.2186
03-Mar-22,1.3338
02-Mar-22,1.2703
01-Mar-22,1.1453
28-Feb-22,1.4233
25-Feb-22,1.4804
24-Feb-22,1.4868
23-Feb-22,1.5395
22-Feb-22,1.5134
21-Feb-22,1.4648
18-Feb-22,1.4593
17-Feb-22,1.5255
16-Feb-22,1.5806
15-Feb-22,1.6062
14-Feb-22,1.6179
11-Feb-22,1.5874
10-Feb-22,1.5719
09-Feb-22,1.4716
08-Feb-22,1.5434
07-Feb-22,1.463
04-Feb-22,1.4391
03-Feb-22,1.3968
02-Feb-22,1.2765
01-Feb-22,1.3344
31-Jan-22,1.3348
28-Jan-22,1.2658
27-Jan-22,1.2588
26-Jan-22,1.2292
25-Jan-22,1.1771
24-Jan-22,1.1525
21-Jan-22,1.1964
20-Jan-22,1.2468
19-Jan-22,1.2939
18-Jan-22,1.2381
17-Jan-22,1.2015
14-Jan-22,1.1673
13-Jan-22,1.1474
12-Jan-22,1.1839
11-Jan-22,1.2063
10-Jan-22,1.2208
07-Jan-22,1.1948
06-Jan-22,1.1712
05-Jan-22,1.1028
04-Jan-22,1.1133
31-Dec-21,1.013
30-Dec-21,0.9821
29-Dec-21,1.0112
24-Dec-21,0.9206
23-Dec-21,0.9414
22-Dec-21,0.8951
21-Dec-21,0.9204
20-Dec-21,0.8124
17-Dec-21,0.8103
16-Dec-21,0.7805
15-Dec-21,0.764
14-Dec-21,0.7546
13-Dec-21,0.7301
10-Dec-21,0.7382
09-Dec-21,0.7615
08-Dec-21,0.7661
07-Dec-21,0.7407
06-Dec-21,0.7543
03-Dec-21,0.797
02-Dec-21,0.8291
01-Dec-21,0.865
30-Nov-21,0.841
29-Nov-21,0.857
26-Nov-21,0.8224
25-Nov-21,0.9838
24-Nov-21,1.025
23-Nov-21,0.9864
22-Nov-21,0.9457
19-Nov-21,0.8933
18-Nov-21,0.9422
17-Nov-21,0.9877
16-Nov-21,0.9825
15-Nov-21,0.959
12-Nov-21,0.9229
11-Nov-21,0.9279
10-Nov-21,0.9353
09-Nov-21,0.8135
08-Nov-21,0.8435
05-Nov-21,0.8308
04-Nov-21,0.9511
03-Nov-21,1.0865
02-Nov-21,1.0458
01-Nov-21,1.0836
29-Oct-21,1.0507
28-Oct-21,0.9709
27-Oct-21,0.9554
26-Oct-21,1.0971
25-Oct-21,1.1229
22-Oct-21,1.1467
21-Oct-21,1.1872
20-Oct-21,1.1311
19-Oct-21,1.1307
18-Oct-21,1.1096
15-Oct-21,1.0748
14-Oct-21,1.0172
13-Oct-21,1.0517
12-Oct-21,1.132
11-Oct-21,1.1717
08-Oct-21,1.1507
07-Oct-21,1.0715
06-Oct-21,1.0674
05-Oct-21,1.0821
04-Oct-21,1.0031
01-Oct-21,1.0184
30-Sep-21,1.0313
29-Sep-21,0.9821
28-Sep-21,0.9899
27-Sep-21,0.9491
24-Sep-21,0.9243
23-Sep-21,0.8902
22-Sep-21,0.7923
21-Sep-21,0.791
20-Sep-21,0.7942
17-Sep-21,0.8428
16-Sep-21,0.7966
15-Sep-21,0.7499
14-Sep-21,0.7278
13-Sep-21,0.7349
10-Sep-21,0.7343
09-Sep-21,0.7281
08-Sep-21,0.7186
07-Sep-21,0.7275
06-Sep-21,0.6825
03-Sep-21,0.7031
02-Sep-21,0.6734
01-Sep-21,0.6867
31-Aug-21,0.7103
27-Aug-21,0.6663
26-Aug-21,0.6779
25-Aug-21,0.6782
24-Aug-21,0.6196
23-Aug-21,0.6201
20-Aug-21,0.6067
19-Aug-21,0.6184
18-Aug-21,0.6439
17-Aug-21,0.6366
16-Aug-21,0.6469
13-Aug-21,0.6547
12-Aug-21,0.6725
11-Aug-21,0.6513
10-Aug-21,0.6537
09-Aug-21,0.6493
06-Aug-21,0.6892
05-Aug-21,0.599
04-Aug-21,0.6093
03-Aug-21,0.5959
02-Aug-21,0.6244
30-Jul-21,0.6471
29-Jul-21,0.648
28-Jul-21,0.6497
27-Jul-21,0.6423
26-Jul-21,0.6498
23-Jul-21,0.6631
22-Jul-21,0.646
21-Jul-21,0.679
20-Jul-21,0.6285
19-Jul-21,0.634
16-Jul-21,0.7118
15-Jul-21,0.7543
14-Jul-21,0.7112
13-Jul-21,0.7057
12-Jul-21,0.7307
09-Jul-21,0.7484
08-Jul-21,0.6824
07-Jul-21,0.6843
06-Jul-21,0.7205
05-Jul-21,0.804
02-Jul-21,0.7957
01-Jul-21,0.8174
30-Jun-21,0.8229
29-Jun-21,0.8229
28-Jun-21,0.821
25-Jun-21,0.862
24-Jun-21,0.8299
23-Jun-21,0.8678
22-Jun-21,0.8667
21-Jun-21,0.8458
18-Jun-21,0.8404
17-Jun-21,0.8764
16-Jun-21,0.8371
15-Jun-21,0.8506
14-Jun-21,0.8261
11-Jun-21,0.8032
10-Jun-21,0.8454
09-Jun-21,0.8256
08-Jun-21,0.8648
07-Jun-21,0.8961
04-Jun-21,0.8824
03-Jun-21,0.9198
02-Jun-21,0.8875
01-Jun-21,0.9142
28-May-21,0.8741
27-May-21,0.8949
26-May-21,0.8389
25-May-21,0.8772
24-May-21,0.8998
21-May-21,0.9243
20-May-21,0.9304
19-May-21,0.9275
18-May-21,0.946
17-May-21,0.9508
14-May-21,0.9488
13-May-21,0.9813
12-May-21,0.9672
11-May-21,0.9176
10-May-21,0.8654
07-May-21,0.8416
06-May-21,0.8628
05-May-21,0.8923
04-May-21,0.8693
30-Apr-21,0.9139
29-Apr-21,0.9176
28-Apr-21,0.871
27-Apr-21,0.844
26-Apr-21,0.8307
23-Apr-21,0.8242
22-Apr-21,0.8068
21-Apr-21,0.8225
20-Apr-21,0.8116
19-Apr-21,0.8331
16-Apr-21,0.8424
15-Apr-21,0.8056
14-Apr-21,0.8838
13-Apr-21,0.8631
12-Apr-21,0.8704
09-Apr-21,0.8549
08-Apr-21,0.8356
07-Apr-21,0.8607
06-Apr-21,0.8675
01-Apr-21,0.8711
31-Mar-21,0.9108
30-Mar-21,0.9065
29-Mar-21,0.8582
26-Mar-21,0.824
25-Mar-21,0.8044
24-Mar-21,0.8218
23-Mar-21,0.8365
22-Mar-21,0.8885
19-Mar-21,0.9099
18-Mar-21,0.9429
17-Mar-21,0.9005
16-Mar-21,0.8549
15-Mar-21,0.8605
12-Mar-21,0.8911
11-Mar-21,0.8098
10-Mar-21,0.782
09-Mar-21,0.7886
08-Mar-21,0.8148
05-Mar-21,0.8315
04-Mar-21,0.7946
03-Mar-21,0.8313
02-Mar-21,0.7644
01-Mar-21,0.8224
26-Feb-21,0.8767
25-Feb-21,0.845
24-Feb-21,0.8229
23-Feb-21,0.7776
22-Feb-21,0.738
19-Feb-21,0.7429
18-Feb-21,0.6814
17-Feb-21,0.6571
16-Feb-21,0.6999
15-Feb-21,0.6265
12-Feb-21,0.5626
11-Feb-21,0.5161
10-Feb-21,0.5316
09-Feb-21,0.5112
08-Feb-21,0.5319
05-Feb-21,0.5388
04-Feb-21,0.4855
03-Feb-21,0.4385
02-Feb-21,0.4469
01-Feb-21,0.4129
29-Jan-21,0.4196
28-Jan-21,0.3699
27-Jan-21,0.3623
26-Jan-21,0.3528
25-Jan-21,0.3439
22-Jan-21,0.3832
21-Jan-21,0.4101
20-Jan-21,0.3538
19-Jan-21,0.3613
18-Jan-21,0.4079
15-Jan-21,0.3732
14-Jan-21,0.385
13-Jan-21,0.4082
12-Jan-21,0.4395
11-Jan-21,0.4101
08-Jan-21,0.3595
07-Jan-21,0.3732
06-Jan-21,0.295
05-Jan-21,0.2771
04-Jan-21,0.2578
31-Dec-20,0.2513
30-Dec-20,0.2711
29-Dec-20,0.2688
24-Dec-20,0.3191
23-Dec-20,0.3759
22-Dec-20,0.2546
21-Dec-20,0.2688
18-Dec-20,0.3225
17-Dec-20,0.3343
16-Dec-20,0.3412
15-Dec-20,0.3141
14-Dec-20,0.3225
11-Dec-20,0.2193
10-Dec-20,0.247
09-Dec-20,0.3185
08-Dec-20,0.3277
07-Dec-20,0.363
04-Dec-20,0.4113
03-Dec-20,0.4017
02-Dec-20,0.4183
01-Dec-20,0.4192
30-Nov-20,0.3639
27-Nov-20,0.3691
26-Nov-20,0.3648
25-Nov-20,0.3754
24-Nov-20,0.3779
23-Nov-20,0.3803
20-Nov-20,0.4324
19-Nov-20,0.3752
18-Nov-20,0.425
17-Nov-20,0.4055
16-Nov-20,0.4312
13-Nov-20,0.4034
12-Nov-20,0.4324
11-Nov-20,0.4616
10-Nov-20,0.4687
09-Nov-20,0.4402
06-Nov-20,0.3431
05-Nov-20,0.2948
04-Nov-20,0.2772
03-Nov-20,0.338
02-Nov-20,0.2966
30-Oct-20,0.3074
29-Oct-20,0.2724
28-Oct-20,0.2725
27-Oct-20,0.2995
26-Oct-20,0.3628
23-Oct-20,0.3347
22-Oct-20,0.3548
21-Oct-20,0.309
20-Oct-20,0.2408
19-Oct-20,0.2218
16-Oct-20,0.2441
15-Oct-20,0.2378
14-Oct-20,0.2656
13-Oct-20,0.289
12-Oct-20,0.3446
09-Oct-20,0.3348
08-Oct-20,0.3606
07-Oct-20,0.3776
06-Oct-20,0.3615
05-Oct-20,0.3508
02-Oct-20,0.3184
01-Oct-20,0.2674
30-Sep-20,0.2774
29-Sep-20,0.2243
28-Sep-20,0.2491
25-Sep-20,0.2283
24-Sep-20,0.2616
23-Sep-20,0.2745
22-Sep-20,0.2598
21-Sep-20,0.2233
18-Sep-20,0.2202
17-Sep-20,0.2532
16-Sep-20,0.2803
15-Sep-20,0.265
14-Sep-20,0.2743
11-Sep-20,0.2438
10-Sep-20,0.3099
09-Sep-20,0.3135
08-Sep-20,0.2343
07-Sep-20,0.2946
04-Sep-20,0.3039
03-Sep-20,0.3138
02-Sep-20,0.3139
01-Sep-20,0.3872
28-Aug-20,0.3763
27-Aug-20,0.3926
26-Aug-20,0.3806
25-Aug-20,0.3223
24-Aug-20,0.276
21-Aug-20,0.2958
20-Aug-20,0.2927
19-Aug-20,0.2927
18-Aug-20,0.2757
17-Aug-20,0.2906
14-Aug-20,0.2958
13-Aug-20,0.2938
12-Aug-20,0.3008
11-Aug-20,0.2521
10-Aug-20,0.2205
07-Aug-20,0.2292
06-Aug-20,0.1723
05-Aug-20,0.2062
04-Aug-20,0.1239
03-Aug-20,0.1434
31-Jul-20,0.1702
30-Jul-20,0.1379
29-Jul-20,0.1599
28-Jul-20,0.2058
27-Jul-20,0.1864
24-Jul-20,0.2014
23-Jul-20,0.1949
22-Jul-20,0.1859
21-Jul-20,0.2089
20-Jul-20,0.2112
17-Jul-20,0.1977
16-Jul-20,0.1824
15-Jul-20,0.2519
14-Jul-20,0.2056
13-Jul-20,0.2431
10-Jul-20,0.2193
09-Jul-20,0.2217
08-Jul-20,0.2499
07-Jul-20,0.2196
06-Jul-20,0.2231
03-Jul-20,0.2422
02-Jul-20,0.228
01-Jul-20,0.2703
30-Jun-20,0.2074
29-Jun-20,0.2145
26-Jun-20,0.2446
25-Jun-20,0.2333
24-Jun-20,0.242
23-Jun-20,0.2913
22-Jun-20,0.2443
19-Jun-20,0.2675
18-Jun-20,0.3064
17-Jun-20,0.2357
16-Jun-20,0.2153
15-Jun-20,0.2642
12-Jun-20,0.2976
11-Jun-20,0.247
10-Jun-20,0.2847
09-Jun-20,0.3401
08-Jun-20,0.4048
05-Jun-20,0.3877
04-Jun-20,0.3464
03-Jun-20,0.3049
02-Jun-20,0.2689
01-Jun-20,0.2671
29-May-20,0.2292
28-May-20,0.2122
27-May-20,0.2173
26-May-20,0.2532
22-May-20,0.2083
21-May-20,0.2072
20-May-20,0.3355
19-May-20,0.3202
18-May-20,0.3118
15-May-20,0.2807
14-May-20,0.2976
13-May-20,0.2577
12-May-20,0.2855
11-May-20,0.2726
07-May-20,0.325
06-May-20,0.2519
05-May-20,0.3072
04-May-20,0.3072
01-May-20,0.3321
30-Apr-20,0.325
29-Apr-20,0.325
28-Apr-20,0.3285
27-Apr-20,0.3446
24-Apr-20,0.3224
23-Apr-20,0.3194
22-Apr-20,0.3394
21-Apr-20,0.3129
20-Apr-20,0.4335
17-Apr-20,0.3406
16-Apr-20,0.33
15-Apr-20,0.3379
14-Apr-20,0.3627
09-Apr-20,0.3315
08-Apr-20,0.4452
07-Apr-20,0.4325
06-Apr-20,0.3757
03-Apr-20,0.3701
02-Apr-20,0.3859
01-Apr-20,0.3917
31-Mar-20,0.419
30-Mar-20,0.3625
27-Mar-20,0.3807
26-Mar-20,0.4337
25-Mar-20,0.4572
24-Mar-20,0.4613
23-Mar-20,0.4119
20-Mar-20,0.5839
19-Mar-20,0.8619
18-Mar-20,0.8534
17-Mar-20,0.6402
16-Mar-20,0.5571
13-Mar-20,0.4789
12-Mar-20,0.3558
11-Mar-20,0.3732
10-Mar-20,0.2368
09-Mar-20,0.2145
06-Mar-20,0.2666
05-Mar-20,0.4038
04-Mar-20,0.4451
03-Mar-20,0.464
02-Mar-20,0.4788
28-Feb-20,0.5035
27-Feb-20,0.5283
26-Feb-20,0.5653
25-Feb-20,0.5649
24-Feb-20,0.5954
21-Feb-20,0.6483
20-Feb-20,0.6485
19-Feb-20,0.6734
18-Feb-20,0.6854
17-Feb-20,0.714
14-Feb-20,0.689
13-Feb-20,0.7106
12-Feb-20,0.6817
11-Feb-20,0.6348
10-Feb-20,0.6236
07-Feb-20,0.6374
06-Feb-20,0.658
05-Feb-20,0.6671
04-Feb-20,0.6278
03-Feb-20,0.6021
31-Jan-20,0.6128
30-Jan-20,0.6128
29-Jan-20,0.5935
28-Jan-20,0.6118
27-Jan-20,0.5713
24-Jan-20,0.6237
23-Jan-20,0.6632
22-Jan-20,0.7099
21-Jan-20,0.7042
20-Jan-20,0.7156
17-Jan-20,0.6954
16-Jan-20,0.7046
15-Jan-20,0.7095
14-Jan-20,0.7637
13-Jan-20,0.8084
10-Jan-20,0.8261
09-Jan-20,0.8791
08-Jan-20,0.8502
07-Jan-20,0.8133
06-Jan-20,0.7874
03-Jan-20,0.8094
02-Jan-20,0.8523
31-Dec-19,0.9129
30-Dec-19,0.8894
27-Dec-19,0.8148
24-Dec-19,0.8352
23-Dec-19,0.8051
20-Dec-19,0.8546
19-Dec-19,0.8724
18-Dec-19,0.8077
17-Dec-19,0.7888
16-Dec-19,0.9003
13-Dec-19,0.8617
12-Dec-19,0.907
11-Dec-19,0.8099
10-Dec-19,0.8267
09-Dec-19,0.8138
06-Dec-19,0.7751
05-Dec-19,0.8387
04-Dec-19,0.7845
03-Dec-19,0.7292
02-Dec-19,0.7875
29-Nov-19,0.7387
28-Nov-19,0.7205
27-Nov-19,0.7253
26-Nov-19,0.6916
25-Nov-19,0.7432
22-Nov-19,0.7993
21-Nov-19,0.7993
20-Nov-19,0.7702
19-Nov-19,0.7739
18-Nov-19,0.7773
15-Nov-19,0.762
14-Nov-19,0.7508
13-Nov-19,0.785
12-Nov-19,0.8128
11-Nov-19,0.8181
08-Nov-19,0.8181
07-Nov-19,0.7925
06-Nov-19,0.7602
05-Nov-19,0.7917
04-Nov-19,0.7401
01-Nov-19,0.6939
31-Oct-19,0.653
30-Oct-19,0.7107
29-Oct-19,0.7446
28-Oct-19,0.746
25-Oct-19,0.6917
24-Oct-19,0.6564
23-Oct-19,0.7054
22-Oct-19,0.7319
21-Oct-19,0.7748
18-Oct-19,0.7354
17-Oct-19,0.7205
16-Oct-19,0.7147
15-Oct-19,0.7285
14-Oct-19,0.6644
11-Oct-19,0.7296
10-Oct-19,0.5734
09-Oct-19,0.4863
08-Oct-19,0.4402
07-Oct-19,0.4765
04-Oct-19,0.4643
03-Oct-19,0.5078
02-Oct-19,0.5157
01-Oct-19,0.4868
30-Sep-19,0.5092
27-Sep-19,0.5257
26-Sep-19,0.5403
25-Sep-19,0.541
24-Sep-19,0.5456
23-Sep-19,0.551
20-Sep-19,0.642
19-Sep-19,0.6417
18-Sep-19,0.7
17-Sep-19,0.7
16-Sep-19,0.6969
13-Sep-19,0.7731
12-Sep-19,0.6567
11-Sep-19,0.6591
10-Sep-19,0.6514
09-Sep-19,0.6273
06-Sep-19,0.5321
05-Sep-19,0.6383
04-Sep-19,0.535
03-Sep-19,0.4309
02-Sep-19,0.463
30-Aug-19,0.5161
29-Aug-19,0.4763
28-Aug-19,0.4807
27-Aug-19,0.5386
23-Aug-19,0.6065
22-Aug-19,0.6165
21-Aug-19,0.5531
20-Aug-19,0.5535
19-Aug-19,0.5858
16-Aug-19,0.5611
15-Aug-19,0.4977
14-Aug-19,0.5446
13-Aug-19,0.5932
12-Aug-19,0.5989
09-Aug-19,0.6002
08-Aug-19,0.6342
07-Aug-19,0.5797
06-Aug-19,0.6237
05-Aug-19,0.6133
02-Aug-19,0.6679
01-Aug-19,0.6886
31-Jul-19,0.7313
30-Jul-19,0.7562
29-Jul-19,0.7685
26-Jul-19,0.7975
25-Jul-19,0.8174
24-Jul-19,0.7643
23-Jul-19,0.7875
22-Jul-19,0.8125
19-Jul-19,0.8389
18-Jul-19,0.8579
17-Jul-19,0.8634
16-Jul-19,0.9269
15-Jul-19,0.8578
12-Jul-19,0.9448
11-Jul-19,0.9413
10-Jul-19,0.8592
09-Jul-19,0.8177
08-Jul-19,0.8123
05-Jul-19,0.852
04-Jul-19,0.7861
03-Jul-19,0.7995
02-Jul-19,0.8335
01-Jul-19,0.8728
28-Jun-19,0.9509
27-Jun-19,0.9283
26-Jun-19,0.8865
25-Jun-19,0.9045
24-Jun-19,0.873
21-Jun-19,0.9069
20-Jun-19,0.906
19-Jun-19,0.9343
18-Jun-19,0.8578
17-Jun-19,0.9127
14-Jun-19,0.9349
13-Jun-19,0.8931
12-Jun-19,0.9605
11-Jun-19,0.942
10-Jun-19,0.8873
07-Jun-19,0.8901
06-Jun-19,0.9431
05-Jun-19,0.9152
04-Jun-19,0.9938
03-Jun-19,0.9596
31-May-19,0.9775
30-May-19,0.9941
29-May-19,0.9771
28-May-19,1.016
24-May-19,1.0283
23-May-19,1.0485
22-May-19,1.1166
21-May-19,1.1396
20-May-19,1.1525
17-May-19,1.093
16-May-19,1.148
15-May-19,1.1507
14-May-19,1.143
13-May-19,1.1833
10-May-19,1.2157
09-May-19,1.2027
08-May-19,1.1995
07-May-19,1.2493
03-May-19,1.2554
02-May-19,1.2399
01-May-19,1.1994
30-Apr-19,1.2238
29-Apr-19,1.1936
26-Apr-19,1.1837
25-Apr-19,1.1973
24-Apr-19,1.2203
23-Apr-19,1.2617
18-Apr-19,1.2356
17-Apr-19,1.2734
16-Apr-19,1.2521
15-Apr-19,1.2518
12-Apr-19,1.2501
11-Apr-19,1.2098
10-Apr-19,1.1437
09-Apr-19,1.1751
08-Apr-19,1.1426
05-Apr-19,1.1573
04-Apr-19,1.152
03-Apr-19,1.1246
02-Apr-19,1.0661
01-Apr-19,1.097
29-Mar-19,1.0945
28-Mar-19,1.0626
27-Mar-19,1.0505
26-Mar-19,1.0827
25-Mar-19,1.0267
22-Mar-19,1.0644
21-Mar-19,1.1147
20-Mar-19,1.1766
19-Mar-19,1.2264
18-Mar-19,1.2236
15-Mar-19,1.2467
14-Mar-19,1.2641
13-Mar-19,1.2431
12-Mar-19,1.2099
11-Mar-19,1.2029
08-Mar-19,1.2228
07-Mar-19,1.1893
06-Mar-19,1.2573
05-Mar-19,1.318
04-Mar-19,1.3455
01-Mar-19,1.3681
28-Feb-19,1.3366
27-Feb-19,1.3217
26-Feb-19,1.2467
25-Feb-19,1.2118
22-Feb-19,1.1926
21-Feb-19,1.239
20-Feb-19,1.2579
19-Feb-19,1.2283
18-Feb-19,1.2084
15-Feb-19,1.2123
14-Feb-19,1.1761
13-Feb-19,1.2169
12-Feb-19,1.2156
11-Feb-19,1.1963
08-Feb-19,1.1761
07-Feb-19,1.2339
06-Feb-19,1.2615
05-Feb-19,1.2801
04-Feb-19,1.2845
01-Feb-19,1.2845
31-Jan-19,1.2531
30-Jan-19,1.3147
29-Jan-19,1.3277
28-Jan-19,1.3257
25-Jan-19,1.3611
24-Jan-19,1.3325
23-Jan-19,1.3829
22-Jan-19,1.3441
21-Jan-19,1.3565
18-Jan-19,1.4145
17-Jan-19,1.3659
16-Jan-19,1.2986
15-Jan-19,1.2986
14-Jan-19,1.3322
11-Jan-19,1.3279
10-Jan-19,1.3181
09-Jan-19,1.3174
08-Jan-19,1.3315
07-Jan-19,1.2789
04-Jan-19,1.326
03-Jan-19,1.223
02-Jan-19,1.2544
31-Dec-18,1.3339
28-Dec-18,1.3433
27-Dec-18,1.3586
24-Dec-18,1.3001
21-Dec-18,1.3781
20-Dec-18,1.3237
19-Dec-18,1.3283
18-Dec-18,1.3393
17-Dec-18,1.3247
14-Dec-18,1.2896
13-Dec-18,1.3165
12-Dec-18,1.3355
11-Dec-18,1.2024
10-Dec-18,1.1806
07-Dec-18,1.2837
06-Dec-18,1.24
05-Dec-18,1.32
04-Dec-18,1.35
03-Dec-18,1.39
30-Nov-18,1.43
29-Nov-18,1.363
28-Nov-18,1.3968
27-Nov-18,1.3991
26-Nov-18,1.4153
23-Nov-18,1.4195
22-Nov-18,1.4598
21-Nov-18,1.4357
20-Nov-18,1.4362
19-Nov-18,1.4136
16-Nov-18,1.4199
15-Nov-18,1.414
14-Nov-18,1.5064
13-Nov-18,1.5098
12-Nov-18,1.4427
09-Nov-18,1.4981
08-Nov-18,1.559
07-Nov-18,1.5254
06-Nov-18,1.5248
05-Nov-18,1.49
02-Nov-18,1.4849
01-Nov-18,1.4466
31-Oct-18,1.431
30-Oct-18,1.3915
29-Oct-18,1.386
26-Oct-18,1.3604
25-Oct-18,1.4282
24-Oct-18,1.4422
23-Oct-18,1.4729
22-Oct-18,1.5105
19-Oct-18,1.5514
18-Oct-18,1.5494
17-Oct-18,1.556
16-Oct-18,1.6029
15-Oct-18,1.5961
12-Oct-18,1.6253
11-Oct-18,1.665
10-Oct-18,1.7035
09-Oct-18,1.667
08-Oct-18,1.6623
05-Oct-18,1.6887
04-Oct-18,1.6409
03-Oct-18,1.5466
02-Oct-18,1.5234
01-Oct-18,1.5615
28-Sep-18,1.5588
27-Sep-18,1.5745
26-Sep-18,1.5763
25-Sep-18,1.6082
24-Sep-18,1.5851
21-Sep-18,1.5326
20-Sep-18,1.5678
19-Sep-18,1.5856
18-Sep-18,1.5375
17-Sep-18,1.5092
14-Sep-18,1.5006
13-Sep-18,1.4798
12-Sep-18,1.4616
11-Sep-18,1.4687
10-Sep-18,1.445
07-Sep-18,1.4316
06-Sep-18,1.3947
05-Sep-18,1.4442
04-Sep-18,1.4011
03-Sep-18,1.3837
31-Aug-18,1.408
30-Aug-18,1.43
29-Aug-18,1.462
28-Aug-18,1.4184
24-Aug-18,1.3885
23-Aug-18,1.3879
22-Aug-18,1.3857
21-Aug-18,1.3796
20-Aug-18,1.3307
17-Aug-18,1.3441
16-Aug-18,1.3441
15-Aug-18,1.3337
14-Aug-18,1.3762
13-Aug-18,1.3763
10-Aug-18,1.3583
09-Aug-18,1.4092
08-Aug-18,1.4225
07-Aug-18,1.4333
06-Aug-18,1.4025
03-Aug-18,1.4267
02-Aug-18,1.4776
01-Aug-18,1.485
31-Jul-18,1.4297
30-Jul-18,1.4517
27-Jul-18,1.3851
26-Jul-18,1.3815
25-Jul-18,1.3664
24-Jul-18,1.3652
23-Jul-18,1.3664
20-Jul-18,1.3357
19-Jul-18,1.292
18-Jul-18,1.3326
17-Jul-18,1.3662
16-Jul-18,1.3984
13-Jul-18,1.3783
12-Jul-18,1.3805
11-Jul-18,1.4014
10-Jul-18,1.4015
09-Jul-18,1.3783
06-Jul-18,1.3656
05-Jul-18,1.3599
04-Jul-18,1.3804
03-Jul-18,1.3479
02-Jul-18,1.3613
29-Jun-18,1.3821
28-Jun-18,1.3627
27-Jun-18,1.3582
26-Jun-18,1.4041
25-Jun-18,1.4071
22-Jun-18,1.4188
21-Jun-18,1.3849
20-Jun-18,1.3996
19-Jun-18,1.3883
18-Jun-18,1.4259
15-Jun-18,1.4168
14-Jun-18,1.4247
13-Jun-18,1.4568
12-Jun-18,1.4903
11-Jun-18,1.5071
08-Jun-18,1.4948
07-Jun-18,1.508
06-Jun-18,1.4837
05-Jun-18,1.3906
04-Jun-18,1.398
01-Jun-18,1.3793
31-May-18,1.3247
30-May-18,1.3266
29-May-18,1.3326
25-May-18,1.424
24-May-18,1.4833
23-May-18,1.5159
22-May-18,1.5987
21-May-18,1.5671
18-May-18,1.5767
17-May-18,1.6306
16-May-18,1.5763
15-May-18,1.5884
14-May-18,1.5572
11-May-18,1.5251
10-May-18,1.5025
09-May-18,1.544
08-May-18,1.517
04-May-18,1.4737
03-May-18,1.4673
02-May-18,1.5263
01-May-18,1.4752
30-Apr-18,1.4902
27-Apr-18,1.5168
26-Apr-18,1.5684
25-Apr-18,1.6019
24-Apr-18,1.603
23-Apr-18,1.5854
20-Apr-18,1.5558
19-Apr-18,1.5733
18-Apr-18,1.488
17-Apr-18,1.5107
16-Apr-18,1.5265
13-Apr-18,1.4984
12-Apr-18,1.505
11-Apr-18,1.4504
10-Apr-18,1.4836
09-Apr-18,1.4701
06-Apr-18,1.46
05-Apr-18,1.477
04-Apr-18,1.4325
03-Apr-18,1.4201
29-Mar-18,1.4096
28-Mar-18,1.4233
27-Mar-18,1.4691
26-Mar-18,1.5013
23-Mar-18,1.4981
22-Mar-18,1.4719
21-Mar-18,1.5815
20-Mar-18,1.5325
19-Mar-18,1.4889
16-Mar-18,1.4856
15-Mar-18,1.4839
14-Mar-18,1.4777
13-Mar-18,1.5338
12-Mar-18,1.5542
09-Mar-18,1.5534
08-Mar-18,1.5301
07-Mar-18,1.547
06-Mar-18,1.5671
05-Mar-18,1.537
02-Mar-18,1.5064
01-Mar-18,1.5152
28-Feb-18,1.5533
27-Feb-18,1.598
26-Feb-18,1.5544
23-Feb-18,1.567
22-Feb-18,1.5831
21-Feb-18,1.5879
20-Feb-18,1.6037
19-Feb-18,1.6333
16-Feb-18,1.6186
15-Feb-18,1.6846
14-Feb-18,1.6609
13-Feb-18,1.6478
12-Feb-18,1.6266
09-Feb-18,1.6232
08-Feb-18,1.6524
07-Feb-18,1.572
06-Feb-18,1.5482
05-Feb-18,1.5946
02-Feb-18,1.5997
01-Feb-18,1.5581
31-Jan-18,1.5281
30-Jan-18,1.5055
29-Jan-18,1.5053
26-Jan-18,1.4876
25-Jan-18,1.4627
24-Jan-18,1.4641
23-Jan-18,1.412
22-Jan-18,1.4115
19-Jan-18,1.3963
18-Jan-18,1.3939
17-Jan-18,1.3595
16-Jan-18,1.3652
15-Jan-18,1.3794
12-Jan-18,1.3956
11-Jan-18,1.3744
10-Jan-18,1.3518
09-Jan-18,1.3397
08-Jan-18,1.2897
05-Jan-18,1.3028
04-Jan-18,1.3009
03-Jan-18,1.2816
02-Jan-18,1.3417
29-Dec-17,1.2536
28-Dec-17,1.2618
27-Dec-17,1.2386
22-Dec-17,1.3009
21-Dec-17,1.3221
20-Dec-17,1.3206
19-Dec-17,1.2698
18-Dec-17,1.2107
15-Dec-17,1.2195
14-Dec-17,1.2329
13-Dec-17,1.2741
12-Dec-17,1.281
11-Dec-17,1.2601
08-Dec-17,1.3325
07-Dec-17,1.307
06-Dec-17,1.2838
05-Dec-17,1.3122
04-Dec-17,1.3302
01-Dec-17,1.2725
30-Nov-17,1.3711
29-Nov-17,1.397
28-Nov-17,1.3032
27-Nov-17,1.3059
24-Nov-17,1.2945
23-Nov-17,1.2961
22-Nov-17,1.322
21-Nov-17,1.3174
20-Nov-17,1.3279
17-Nov-17,1.3505
16-Nov-17,1.3495
15-Nov-17,1.3352
14-Nov-17,1.3589
13-Nov-17,1.3773
10-Nov-17,1.3864
09-Nov-17,1.3089
08-Nov-17,1.2573
07-Nov-17,1.2871
06-Nov-17,1.3031
03-Nov-17,1.31
02-Nov-17,1.3079
01-Nov-17,1.3905
31-Oct-17,1.376
30-Oct-17,1.3713
27-Oct-17,1.3976
26-Oct-17,1.4393
25-Oct-17,1.4481
24-Oct-17,1.3898
23-Oct-17,1.3471
20-Oct-17,1.3662
19-Oct-17,1.3097
18-Oct-17,1.3479
17-Oct-17,1.3169
16-Oct-17,1.3712
13-Oct-17,1.3964
12-Oct-17,1.4059
11-Oct-17,1.4053
10-Oct-17,1.3925
09-Oct-17,1.385
06-Oct-17,1.3927
05-Oct-17,1.4105
04-Oct-17,1.393
03-Oct-17,1.3809
02-Oct-17,1.3526
29-Sep-17,1.3828
28-Sep-17,1.4052
27-Sep-17,1.4059
26-Sep-17,1.3611
25-Sep-17,1.3593
22-Sep-17,1.3876
21-Sep-17,1.3923
20-Sep-17,1.3584
19-Sep-17,1.3585
18-Sep-17,1.3343
15-Sep-17,1.3491
14-Sep-17,1.2535
13-Sep-17,1.1833
12-Sep-17,1.1825
11-Sep-17,1.0796
08-Sep-17,1.0343
07-Sep-17,0.9998
06-Sep-17,1.0439
05-Sep-17,1.0564
04-Sep-17,1.092
01-Sep-17,1.0952
31-Aug-17,1.0688
30-Aug-17,1.0721
29-Aug-17,1.0346
25-Aug-17,1.0846
24-Aug-17,1.0887
23-Aug-17,1.0822
22-Aug-17,1.1135
21-Aug-17,1.0969
18-Aug-17,1.1104
17-Aug-17,1.1259
16-Aug-17,1.1352
15-Aug-17,1.1139
14-Aug-17,1.1045
11-Aug-17,1.0877
10-Aug-17,1.1013
09-Aug-17,1.1243
08-Aug-17,1.1728
07-Aug-17,1.1611
04-Aug-17,1.1877
03-Aug-17,1.1792
02-Aug-17,1.258
01-Aug-17,1.2261
31-Jul-17,1.2454
28-Jul-17,1.2379
27-Jul-17,1.2205
26-Jul-17,1.2483
25-Jul-17,1.2687
24-Jul-17,1.2057
21-Jul-17,1.198
20-Jul-17,1.2354
19-Jul-17,1.212
18-Jul-17,1.2401
17-Jul-17,1.3008
14-Jul-17,1.3375
13-Jul-17,1.3182
12-Jul-17,1.2907
11-Jul-17,1.3073
10-Jul-17,1.2988
07-Jul-17,1.3308
06-Jul-17,1.3466
05-Jul-17,1.281
04-Jul-17,1.2754
03-Jul-17,1.2991
30-Jun-17,1.284
29-Jun-17,1.2716
28-Jun-17,1.1851
27-Jun-17,1.1178
26-Jun-17,1.0623
23-Jun-17,1.0655
22-Jun-17,1.0507
21-Jun-17,1.0567
20-Jun-17,1.0409
19-Jun-17,1.0639
16-Jun-17,1.0588
15-Jun-17,1.0745
14-Jun-17,0.9862
13-Jun-17,1.0702
12-Jun-17,1.024
09-Jun-17,1.054
08-Jun-17,1.0758
07-Jun-17,1.024
06-Jun-17,1.0286
05-Jun-17,1.0885
02-Jun-17,1.084
01-Jun-17,1.0947
31-May-17,1.0607
30-May-17,1.0316
26-May-17,1.0439
25-May-17,1.0709
24-May-17,1.0971
23-May-17,1.0942
22-May-17,1.1071
19-May-17,1.1108
18-May-17,1.089
17-May-17,1.094
16-May-17,1.1391
15-May-17,1.1491
12-May-17,1.116
11-May-17,1.1869
10-May-17,1.1912
09-May-17,1.2207
08-May-17,1.1683
05-May-17,1.145
04-May-17,1.1371
03-May-17,1.1005
02-May-17,1.1139
28-Apr-17,1.1015
27-Apr-17,1.0865
26-Apr-17,1.1072
25-Apr-17,1.1024
24-Apr-17,1.0885
21-Apr-17,1.0554
20-Apr-17,1.0803
19-Apr-17,1.0768
18-Apr-17,1.0481
13-Apr-17,1.0556
12-Apr-17,1.0619
11-Apr-17,1.0587
10-Apr-17,1.0962
07-Apr-17,1.0816
06-Apr-17,1.0985
05-Apr-17,1.0945
04-Apr-17,1.0618
03-Apr-17,1.0644
31-Mar-17,1.122
30-Mar-17,1.1171
29-Mar-17,1.1504
28-Mar-17,1.1838
27-Mar-17,1.1695
24-Mar-17,1.1944
23-Mar-17,1.2142
22-Mar-17,1.1631
21-Mar-17,1.239
20-Mar-17,1.2211
17-Mar-17,1.2236
16-Mar-17,1.2333
15-Mar-17,1.2118
14-Mar-17,1.2269
13-Mar-17,1.241
10-Mar-17,1.2307
09-Mar-17,1.2015
08-Mar-17,1.2149
07-Mar-17,1.1684
06-Mar-17,1.195
03-Mar-17,1.1764
02-Mar-17,1.1882
01-Mar-17,1.1749
28-Feb-17,1.1227
27-Feb-17,1.1345
24-Feb-17,1.1391
23-Feb-17,1.2115
22-Feb-17,1.2621
21-Feb-17,1.304
20-Feb-17,1.2833
17-Feb-17,1.2698
16-Feb-17,1.315
15-Feb-17,1.366
14-Feb-17,1.3686
13-Feb-17,1.3494
10-Feb-17,1.3265
09-Feb-17,1.2911
08-Feb-17,1.2828
07-Feb-17,1.3494
06-Feb-17,1.3797
03-Feb-17,1.4169
02-Feb-17,1.439
01-Feb-17,1.5051
31-Jan-17,1.4604
30-Jan-17,1.4837
27-Jan-17,1.5082
26-Jan-17,1.5458
25-Jan-17,1.4995
24-Jan-17,1.4235
23-Jan-17,1.4243
20-Jan-17,1.4628
19-Jan-17,1.4344
18-Jan-17,1.3701
17-Jan-17,1.3475
16-Jan-17,1.3717
13-Jan-17,1.4077
12-Jan-17,1.3417
11-Jan-17,1.4023
10-Jan-17,1.401
09-Jan-17,1.3956
06-Jan-17,1.4195
05-Jan-17,1.3695
04-Jan-17,1.3754
03-Jan-17,1.3825
30-Dec-16,1.2817
29-Dec-16,1.2726
28-Dec-16,1.3445
23-Dec-16,1.3852
22-Dec-16,1.4132
21-Dec-16,1.4201
20-Dec-16,1.4629
19-Dec-16,1.4538
16-Dec-16,1.4982
15-Dec-16,1.5469
14-Dec-16,1.4329
13-Dec-16,1.4754
12-Dec-16,1.5287
09-Dec-16,1.4809
08-Dec-16,1.4287
07-Dec-16,1.4129
06-Dec-16,1.458
05-Dec-16,1.4421
02-Dec-16,1.4215
01-Dec-16,1.5127
30-Nov-16,1.4528
29-Nov-16,1.429
28-Nov-16,1.4202
25-Nov-16,1.4593
24-Nov-16,1.4743
23-Nov-16,1.5066
22-Nov-16,1.4358
21-Nov-16,1.4608
18-Nov-16,1.5055
17-Nov-16,1.428
16-Nov-16,1.4394
15-Nov-16,1.4112
14-Nov-16,1.4687
11-Nov-16,1.3956
10-Nov-16,1.3771
09-Nov-16,1.2732
08-Nov-16,1.2689
07-Nov-16,1.2311
04-Nov-16,1.1745
03-Nov-16,1.2473
02-Nov-16,1.2235
01-Nov-16,1.316
31-Oct-16,1.2705
28-Oct-16,1.2888
27-Oct-16,1.271
26-Oct-16,1.1894
25-Oct-16,1.1092
24-Oct-16,1.1211
21-Oct-16,1.1074
20-Oct-16,1.1118
19-Oct-16,1.11
18-Oct-16,1.1142
17-Oct-16,1.1492
14-Oct-16,1.1298
13-Oct-16,1.0457
12-Oct-16,1.0738
11-Oct-16,1.0221
10-Oct-16,1.0493
07-Oct-16,1.0016
06-Oct-16,0.9604
05-Oct-16,0.8503
04-Oct-16,0.8246
03-Oct-16,0.8369
30-Sep-16,0.8233
29-Sep-16,0.7993
28-Sep-16,0.7122
27-Sep-16,0.7317
26-Sep-16,0.779
23-Sep-16,0.8282
22-Sep-16,0.7679
21-Sep-16,0.8393
20-Sep-16,0.8325
19-Sep-16,0.9508
16-Sep-16,0.9081
15-Sep-16,0.923
14-Sep-16,0.9155
13-Sep-16,0.9136
12-Sep-16,0.8867
09-Sep-16,0.8856
08-Sep-16,0.8245
07-Sep-16,0.7371
06-Sep-16,0.7453
05-Sep-16,0.7838
02-Sep-16,0.8104
01-Sep-16,0.737
31-Aug-16,0.7286
30-Aug-16,0.7281
26-Aug-16,0.7006
25-Aug-16,0.7379
24-Aug-16,0.7403
23-Aug-16,0.7054
22-Aug-16,0.6744
19-Aug-16,0.7522
18-Aug-16,0.7556
17-Aug-16,0.7551
16-Aug-16,0.7883
15-Aug-16,0.639
12-Aug-16,0.6119
11-Aug-16,0.6258
10-Aug-16,0.6401
09-Aug-16,0.689
08-Aug-16,0.7146
05-Aug-16,0.7985
04-Aug-16,0.7589
03-Aug-16,0.929
02-Aug-16,0.9789
01-Aug-16,0.8741
29-Jul-16,0.8623
28-Jul-16,0.8379
27-Jul-16,0.902
26-Jul-16,1.0163
25-Jul-16,0.9764
22-Jul-16,0.9781
21-Jul-16,0.9963
20-Jul-16,0.9912
19-Jul-16,0.9864
18-Jul-16,0.9781
15-Jul-16,0.9702
14-Jul-16,0.9543
13-Jul-16,0.9325
12-Jul-16,1.0013
11-Jul-16,0.9295
08-Jul-16,0.9366
07-Jul-16,0.9763
06-Jul-16,0.938
05-Jul-16,0.9482
04-Jul-16,0.9797
01-Jul-16,1.0032
30-Jun-16,1.0416
29-Jun-16,1.0966
28-Jun-16,1.1325
27-Jun-16,1.1293
24-Jun-16,1.2183
23-Jun-16,1.4829
22-Jun-16,1.4444
21-Jun-16,1.4087
20-Jun-16,1.3717
17-Jun-16,1.2698
16-Jun-16,1.2254
15-Jun-16,1.2391
14-Jun-16,1.2537
13-Jun-16,1.3338
10-Jun-16,1.3402
09-Jun-16,1.3532
08-Jun-16,1.3661
07-Jun-16,1.3818
06-Jun-16,1.4026
03-Jun-16,1.3959
02-Jun-16,1.4596
01-Jun-16,1.4845
31-May-16,1.5465
27-May-16,1.5477
26-May-16,1.5241
25-May-16,1.5566
24-May-16,1.5807
23-May-16,1.5661
20-May-16,1.5686
19-May-16,1.5382
18-May-16,1.5414
17-May-16,1.4701
16-May-16,1.4966
13-May-16,1.4772
12-May-16,1.5058
11-May-16,1.4952
10-May-16,1.5022
09-May-16,1.514
06-May-16,1.5145
05-May-16,1.5672
04-May-16,1.6128
03-May-16,1.6062
29-Apr-16,1.678
28-Apr-16,1.6751
27-Apr-16,1.6997
26-Apr-16,1.7373
25-Apr-16,1.6824
22-Apr-16,1.6808
21-Apr-16,1.6619
20-Apr-16,1.5529
19-Apr-16,1.6074
18-Apr-16,1.5645
15-Apr-16,1.5074
14-Apr-16,1.5332
13-Apr-16,1.5202
12-Apr-16,1.533
11-Apr-16,1.4858
08-Apr-16,1.4581
07-Apr-16,1.4141
06-Apr-16,1.4718
05-Apr-16,1.4568
04-Apr-16,1.5096
01-Apr-16,1.5143
31-Mar-16,1.4963
30-Mar-16,1.534
29-Mar-16,1.4995
24-Mar-16,1.5421
23-Mar-16,1.5251
22-Mar-16,1.5309
21-Mar-16,1.5515
18-Mar-16,1.5357
17-Mar-16,1.5313
16-Mar-16,1.5895
15-Mar-16,1.6017
14-Mar-16,1.6179
11-Mar-16,1.6466
10-Mar-16,1.6017
09-Mar-16,1.5468
08-Mar-16,1.445
07-Mar-16,1.5493
04-Mar-16,1.5605
03-Mar-16,1.5184
02-Mar-16,1.5296
01-Mar-16,1.4574
29-Feb-16,1.4032
26-Feb-16,1.479
25-Feb-16,1.4392
24-Feb-16,1.4185
23-Feb-16,1.4931
22-Feb-16,1.467
19-Feb-16,1.4707
18-Feb-16,1.5042
17-Feb-16,1.5463
16-Feb-16,1.4876
15-Feb-16,1.4856
12-Feb-16,1.4639
11-Feb-16,1.3437
10-Feb-16,1.4853
09-Feb-16,1.4774
08-Feb-16,1.4691
05-Feb-16,1.6277
04-Feb-16,1.6265
03-Feb-16,1.5732
02-Feb-16,1.6158
01-Feb-16,1.6898
29-Jan-16,1.6305
28-Jan-16,1.7221
27-Jan-16,1.749
26-Jan-16,1.751
25-Jan-16,1.7453
22-Jan-16,1.7781
21-Jan-16,1.7362
20-Jan-16,1.6871
19-Jan-16,1.7668
18-Jan-16,1.7471
15-Jan-16,1.7092
14-Jan-16,1.7841
13-Jan-16,1.7974
12-Jan-16,1.8089
11-Jan-16,1.8269
08-Jan-16,1.823
07-Jan-16,1.8662
06-Jan-16,1.8539
05-Jan-16,1.938
04-Jan-16,1.9456
31-Dec-15,2.0248
30-Dec-15,2.0565
29-Dec-15,1.9735
24-Dec-15,1.9761
23-Dec-15,1.9944
22-Dec-15,1.9401
21-Dec-15,1.88
18-Dec-15,1.8963
17-Dec-15,1.9067
16-Dec-15,1.9928
15-Dec-15,1.9907
14-Dec-15,1.8658
11-Dec-15,1.8528
10-Dec-15,1.8941
09-Dec-15,1.9211
08-Dec-15,1.857
07-Dec-15,1.8619
04-Dec-15,1.9692
03-Dec-15,1.9198
02-Dec-15,1.801
01-Dec-15,1.8169
30-Nov-15,1.8788
27-Nov-15,1.8631
26-Nov-15,1.8775
25-Nov-15,1.9266
24-Nov-15,1.9015
23-Nov-15,1.928
20-Nov-15,1.9178
19-Nov-15,1.9324
18-Nov-15,1.973
17-Nov-15,2.0169
16-Nov-15,1.9819
13-Nov-15,2.0128
12-Nov-15,2.0449
11-Nov-15,2.0723
10-Nov-15,2.0615
09-Nov-15,2.0865
06-Nov-15,2.068
05-Nov-15,2.0015
04-Nov-15,2.0233
03-Nov-15,1.9959
02-Nov-15,1.9715
30-Oct-15,1.9393
29-Oct-15,1.9465
28-Oct-15,1.8223
27-Oct-15,1.7813
26-Oct-15,1.8486
23-Oct-15,1.8818
22-Oct-15,1.8399
21-Oct-15,1.8405
20-Oct-15,1.8909
19-Oct-15,1.8656
16-Oct-15,1.8373
15-Oct-15,1.8146
14-Oct-15,1.8029
13-Oct-15,1.8694
12-Oct-15,1.8587
09-Oct-15,1.8895
08-Oct-15,1.8413
07-Oct-15,1.8557
06-Oct-15,1.8309
05-Oct-15,1.819
02-Oct-15,1.739
01-Oct-15,1.7965
30-Sep-15,1.8137
29-Sep-15,1.7853
28-Sep-15,1.8128
25-Sep-15,1.872
24-Sep-15,1.7736
23-Sep-15,1.8316
22-Sep-15,1.813
21-Sep-15,1.9207
18-Sep-15,1.8783
17-Sep-15,1.9765
16-Sep-15,1.9627
15-Sep-15,1.9287
14-Sep-15,1.8753
11-Sep-15,1.8452
10-Sep-15,1.8798
09-Sep-15,1.9028
08-Sep-15,1.8888
07-Sep-15,1.844
04-Sep-15,1.8704
03-Sep-15,1.9515
02-Sep-15,1.9876
01-Sep-15,1.9775
28-Aug-15,1.9884
27-Aug-15,2.0118
26-Aug-15,1.9903
25-Aug-15,1.9367
24-Aug-15,1.8378
21-Aug-15,1.864
20-Aug-15,1.9046
19-Aug-15,2.0166
18-Aug-15,2.02
17-Aug-15,1.9632
14-Aug-15,2.013
13-Aug-15,1.983
12-Aug-15,1.9305
11-Aug-15,1.9363
10-Aug-15,2.056
07-Aug-15,1.9974
06-Aug-15,2.0283
05-Aug-15,2.0962
04-Aug-15,2.0105
03-Aug-15,2.014
31-Jul-15,2.016
30-Jul-15,2.0987
29-Jul-15,2.0791
28-Jul-15,2.0555
27-Jul-15,2.0416
24-Jul-15,2.0509
23-Jul-15,2.1413
22-Jul-15,2.1495
21-Jul-15,2.1984
20-Jul-15,2.1952
17-Jul-15,2.1998
16-Jul-15,2.2035
15-Jul-15,2.2659
14-Jul-15,2.2794
13-Jul-15,2.2419
10-Jul-15,2.2132
09-Jul-15,2.1051
08-Jul-15,2.0074
07-Jul-15,1.937
06-Jul-15,2.1318
03-Jul-15,2.1148
02-Jul-15,2.1752
01-Jul-15,2.2097
30-Jun-15,2.1373
29-Jun-15,2.1709
26-Jun-15,2.2682
25-Jun-15,2.2375
24-Jun-15,2.2262
23-Jun-15,2.2099
22-Jun-15,2.1944
19-Jun-15,2.1048
18-Jun-15,2.138
17-Jun-15,2.1601
16-Jun-15,2.1431
15-Jun-15,2.1715
12-Jun-15,2.1143
11-Jun-15,2.2089
10-Jun-15,2.2783
09-Jun-15,2.2343
08-Jun-15,2.1876
05-Jun-15,2.1962
04-Jun-15,2.1148
03-Jun-15,2.2052
02-Jun-15,2.0829
01-Jun-15,1.9479
29-May-15,1.9324
28-May-15,1.9403
27-May-15,1.9932
26-May-15,1.9923
22-May-15,2.0189
21-May-15,2.0659
20-May-15,2.0673
19-May-15,2.0474
18-May-15,2.0368
15-May-15,2.002
14-May-15,2.0956
13-May-15,2.072
12-May-15,2.0836
11-May-15,2.0331
08-May-15,1.9469
07-May-15,2.0297
06-May-15,2.0766
05-May-15,2.0844
01-May-15,1.9431
30-Apr-15,1.9531
29-Apr-15,1.9359
28-Apr-15,1.8176
27-Apr-15,1.8149
24-Apr-15,1.7919
23-Apr-15,1.8201
22-Apr-15,1.8117
21-Apr-15,1.6911
20-Apr-15,1.6978
17-Apr-15,1.7038
16-Apr-15,1.7326
15-Apr-15,1.7005
14-Apr-15,1.6557
13-Apr-15,1.732
10-Apr-15,1.7214
09-Apr-15,1.6998
08-Apr-15,1.7129
07-Apr-15,1.7243
02-Apr-15,1.7212
01-Apr-15,1.6625
31-Mar-15,1.6969
30-Mar-15,1.685
27-Mar-15,1.605
26-Mar-15,1.6953
25-Mar-15,1.6098
24-Mar-15,1.64
23-Mar-15,1.6351
20-Mar-15,1.6426
19-Mar-15,1.6393
18-Mar-15,1.711
17-Mar-15,1.7835
16-Mar-15,1.7862
13-Mar-15,1.8083
12-Mar-15,1.8499
11-Mar-15,1.9179
10-Mar-15,1.9109
09-Mar-15,2.0356
06-Mar-15,2.0492
05-Mar-15,1.9601
04-Mar-15,1.9813
03-Mar-15,1.9449
02-Mar-15,1.8822
27-Feb-15,1.8615
26-Feb-15,1.8071
25-Feb-15,1.7716
24-Feb-15,1.8229
23-Feb-15,1.8545
20-Feb-15,1.8242
19-Feb-15,1.8777
18-Feb-15,1.8987
17-Feb-15,1.8122
16-Feb-15,1.7498
13-Feb-15,1.7275
12-Feb-15,1.7242
11-Feb-15,1.7407
10-Feb-15,1.7247
09-Feb-15,1.668
06-Feb-15,1.7029
05-Feb-15,1.6045
04-Feb-15,1.5882
03-Feb-15,1.5283
02-Feb-15,1.4403
30-Jan-15,1.3979
29-Jan-15,1.4751
28-Jan-15,1.5146
27-Jan-15,1.526
26-Jan-15,1.5472
23-Jan-15,1.5168
22-Jan-15,1.5542
21-Jan-15,1.5318
20-Jan-15,1.5854
19-Jan-15,1.5804
16-Jan-15,1.5961
15-Jan-15,1.5734
14-Jan-15,1.566
13-Jan-15,1.6388
12-Jan-15,1.6276
09-Jan-15,1.6342
08-Jan-15,1.697
07-Jan-15,1.6584
06-Jan-15,1.6465
05-Jan-15,1.7162
02-Jan-15,1.7846
31-Dec-14,1.8155
30-Dec-14,1.8597
29-Dec-14,1.8749
24-Dec-14,1.95
23-Dec-14,1.9206
22-Dec-14,1.8923
19-Dec-14,1.9185
18-Dec-14,1.9308
17-Dec-14,1.8177
16-Dec-14,1.8269
15-Dec-14,1.868
12-Dec-14,1.8541
11-Dec-14,1.9608
10-Dec-14,1.9687
09-Dec-14,1.9481
08-Dec-14,2.0268
05-Dec-14,2.0614
04-Dec-14,2.026
03-Dec-14,2.0452
02-Dec-14,2.0096
01-Dec-14,1.927
28-Nov-14,1.9575
27-Nov-14,1.959
26-Nov-14,1.9997
25-Nov-14,2.0356
24-Nov-14,2.0792
21-Nov-14,2.0802
20-Nov-14,2.1282
19-Nov-14,2.1661
18-Nov-14,2.1517
17-Nov-14,2.1521
14-Nov-14,2.1738
13-Nov-14,2.2124
12-Nov-14,2.22
11-Nov-14,2.2647
10-Nov-14,2.2216
07-Nov-14,2.2418
06-Nov-14,2.279
05-Nov-14,2.2916
04-Nov-14,2.2638
03-Nov-14,2.3082
31-Oct-14,2.284
30-Oct-14,2.254
29-Oct-14,2.2731
28-Oct-14,2.2545
27-Oct-14,2.2325
24-Oct-14,2.252
23-Oct-14,2.2497
22-Oct-14,2.2102
21-Oct-14,2.1836
20-Oct-14,2.167
17-Oct-14,2.2035
16-Oct-14,2.0916
15-Oct-14,2.0149
14-Oct-14,2.1454
13-Oct-14,2.1791
10-Oct-14,2.2412
09-Oct-14,2.281
08-Oct-14,2.2753
07-Oct-14,2.3213
06-Oct-14,2.3842
03-Oct-14,2.4114
02-Oct-14,2.3706
01-Oct-14,2.3991
30-Sep-14,2.4504
29-Sep-14,2.4689
26-Sep-14,2.485
25-Sep-14,2.4771
24-Sep-14,2.4861
23-Sep-14,2.492
22-Sep-14,2.5161
19-Sep-14,2.5525
18-Sep-14,2.5835
17-Sep-14,2.5317
16-Sep-14,2.5315
15-Sep-14,2.5371
12-Sep-14,2.5323
11-Sep-14,2.4946
10-Sep-14,2.4959
09-Sep-14,2.4688
08-Sep-14,2.4555
05-Sep-14,2.4676
04-Sep-14,2.492
03-Sep-14,2.4729
02-Sep-14,2.4378
01-Sep-14,2.3924
29-Aug-14,2.375
28-Aug-14,2.3752
27-Aug-14,2.3737
26-Aug-14,2.4474
22-Aug-14,2.5175
21-Aug-14,2.509
20-Aug-14,2.5202
19-Aug-14,2.5004
18-Aug-14,2.5376
15-Aug-14,2.4687
14-Aug-14,2.539
13-Aug-14,2.55
12-Aug-14,2.5999
11-Aug-14,2.6043
08-Aug-14,2.5631
07-Aug-14,2.6011
06-Aug-14,2.6234
05-Aug-14,2.6823
04-Aug-14,2.6434
01-Aug-14,2.6623
31-Jul-14,2.7179
30-Jul-14,2.6981
29-Jul-14,2.6483
28-Jul-14,2.6832
25-Jul-14,2.6726
24-Jul-14,2.7051
23-Jul-14,2.6589
22-Jul-14,2.6878
21-Jul-14,2.6659
18-Jul-14,2.6797
17-Jul-14,2.6941
16-Jul-14,2.7564
15-Jul-14,2.7546
14-Jul-14,2.7131
11-Jul-14,2.7129
10-Jul-14,2.7328
09-Jul-14,2.7674
08-Jul-14,2.7618
07-Jul-14,2.8328
04-Jul-14,2.8537
03-Jul-14,2.8466
02-Jul-14,2.8435
01-Jul-14,2.8008
30-Jun-14,2.7673
27-Jun-14,2.7337
26-Jun-14,2.7349
25-Jun-14,2.7455
24-Jun-14,2.8256
23-Jun-14,2.8211
20-Jun-14,2.8521
19-Jun-14,2.818
18-Jun-14,2.8099
17-Jun-14,2.853
16-Jun-14,2.829
13-Jun-14,2.8397
12-Jun-14,2.7858
11-Jun-14,2.7807
10-Jun-14,2.795
09-Jun-14,2.7661
06-Jun-14,2.7486
05-Jun-14,2.7706
04-Jun-14,2.7807
03-Jun-14,2.7186
02-Jun-14,2.6929
30-May-14,2.6507
29-May-14,2.6112
28-May-14,2.6293
27-May-14,2.7077
23-May-14,2.7044
22-May-14,2.7202
21-May-14,2.7121
20-May-14,2.6981
19-May-14,2.6585
16-May-14,2.6357
15-May-14,2.6014
14-May-14,2.6682
13-May-14,2.7438
12-May-14,2.8274
09-May-14,2.7654
08-May-14,2.7297
07-May-14,2.7465
06-May-14,2.7368
02-May-14,2.6985
01-May-14,2.7334
30-Apr-14,2.7658
29-Apr-14,2.7491
28-Apr-14,2.723
25-Apr-14,2.72
24-Apr-14,2.7428
23-Apr-14,2.7444
22-Apr-14,2.773
17-Apr-14,2.7103
16-Apr-14,2.6848
15-Apr-14,2.6837
14-Apr-14,2.7298
11-Apr-14,2.6815
10-Apr-14,2.7017
09-Apr-14,2.7873
08-Apr-14,2.7337
07-Apr-14,2.7261
04-Apr-14,2.7703
03-Apr-14,2.794
02-Apr-14,2.8137
01-Apr-14,2.7993
31-Mar-14,2.7899
28-Mar-14,2.7682
27-Mar-14,2.7398
26-Mar-14,2.7474
25-Mar-14,2.7565
24-Mar-14,2.7415
21-Mar-14,2.7852
20-Mar-14,2.8358
19-Mar-14,2.7659
18-Mar-14,2.7453
17-Mar-14,2.7692
14-Mar-14,2.7236
13-Mar-14,2.7743
12-Mar-14,2.8209
11-Mar-14,2.8464
10-Mar-14,2.8556
07-Mar-14,2.8476
06-Mar-14,2.8331
05-Mar-14,2.7891
04-Mar-14,2.7686
03-Mar-14,2.7527
28-Feb-14,2.8093
27-Feb-14,2.7553
26-Feb-14,2.8113
25-Feb-14,2.8245
24-Feb-14,2.8257
21-Feb-14,2.8463
20-Feb-14,2.8705
19-Feb-14,2.8093
18-Feb-14,2.8167
17-Feb-14,2.8423
14-Feb-14,2.8641
13-Feb-14,2.8506
12-Feb-14,2.8809
11-Feb-14,2.8027
10-Feb-14,2.8001
07-Feb-14,2.7842
06-Feb-14,2.8155
05-Feb-14,2.7464
04-Feb-14,2.7601
03-Feb-14,2.778
31-Jan-14,2.7847
30-Jan-14,2.8146
29-Jan-14,2.8273
28-Jan-14,2.8746
27-Jan-14,2.8436
24-Jan-14,2.829
23-Jan-14,2.8647
22-Jan-14,2.9206
21-Jan-14,2.8867
20-Jan-14,2.8781
17-Jan-14,2.8869
16-Jan-14,2.8661
15-Jan-14,2.913
14-Jan-14,2.8808
13-Jan-14,2.8824
10-Jan-14,2.9304
09-Jan-14,3.0149
08-Jan-14,3.0196
07-Jan-14,2.9873
06-Jan-14,3.0049
03-Jan-14,3.0541
02-Jan-14,3.0557
31-Dec-13,3.0466
30-Dec-13,3.0476
27-Dec-13,3.1049
24-Dec-13,3.007
23-Dec-13,2.9906
20-Dec-13,2.9655
19-Dec-13,2.9818
18-Dec-13,2.9384
17-Dec-13,2.9014
16-Dec-13,2.9036
13-Dec-13,2.9206
12-Dec-13,2.9249
11-Dec-13,2.8957
10-Dec-13,2.9021
09-Dec-13,2.9326
06-Dec-13,2.9116
05-Dec-13,2.9221
04-Dec-13,2.9071
03-Dec-13,2.8429
02-Dec-13,2.8689
29-Nov-13,2.7939
28-Nov-13,2.7702
27-Nov-13,2.7806
26-Nov-13,2.7587
25-Nov-13,2.7822
22-Nov-13,2.8178
21-Nov-13,2.8456
20-Nov-13,2.7489
19-Nov-13,2.7378
18-Nov-13,2.7345
15-Nov-13,2.7508
14-Nov-13,2.774
13-Nov-13,2.8057
12-Nov-13,2.8055
11-Nov-13,2.8095
08-Nov-13,2.7775
07-Nov-13,2.6931
06-Nov-13,2.7306
05-Nov-13,2.7293
04-Nov-13,2.6495
01-Nov-13,2.6601
31-Oct-13,2.6283
30-Oct-13,2.5453
29-Oct-13,2.6114
28-Oct-13,2.6274
25-Oct-13,2.6245
24-Oct-13,2.6404
23-Oct-13,2.6073
22-Oct-13,2.6385
21-Oct-13,2.7327
18-Oct-13,2.712
17-Oct-13,2.7387
16-Oct-13,2.8187
15-Oct-13,2.7756
14-Oct-13,2.734
11-Oct-13,2.7118
10-Oct-13,2.7202
09-Oct-13,2.6658
08-Oct-13,2.6821
07-Oct-13,2.6789
04-Oct-13,2.7056
03-Oct-13,2.6621
02-Oct-13,2.6685
01-Oct-13,2.6736
30-Sep-13,2.6788
27-Sep-13,2.6794
26-Sep-13,2.7161
25-Sep-13,2.7228
24-Sep-13,2.7798
23-Sep-13,2.8606
20-Sep-13,2.8889
19-Sep-13,2.8599
18-Sep-13,2.9576
17-Sep-13,2.898
16-Sep-13,2.8369
13-Sep-13,2.872
12-Sep-13,2.894
11-Sep-13,2.9533
10-Sep-13,2.9667
09-Sep-13,2.8924
06-Sep-13,2.8782
05-Sep-13,2.9464
04-Sep-13,2.8202
03-Sep-13,2.8325
02-Sep-13,2.7966
30-Aug-13,2.7429
29-Aug-13,2.738
28-Aug-13,2.762
27-Aug-13,2.7328
23-Aug-13,2.8253
22-Aug-13,2.8372
21-Aug-13,2.839
20-Aug-13,2.8045
19-Aug-13,2.8617
16-Aug-13,2.8197
15-Aug-13,2.8016
14-Aug-13,2.7496
13-Aug-13,2.7272
12-Aug-13,2.5959
09-Aug-13,2.5984
08-Aug-13,2.6078
07-Aug-13,2.5925
06-Aug-13,2.6016
05-Aug-13,2.5853
02-Aug-13,2.5449
01-Aug-13,2.517
31-Jul-13,2.4734
30-Jul-13,2.4363
29-Jul-13,2.4499
26-Jul-13,2.4526
25-Jul-13,2.506
24-Jul-13,2.5091
23-Jul-13,2.4295
22-Jul-13,2.3924
19-Jul-13,2.4145
18-Jul-13,2.3837
17-Jul-13,2.4134
16-Jul-13,2.3914
15-Jul-13,2.4524
12-Jul-13,2.4322
11-Jul-13,2.4873
10-Jul-13,2.5131
09-Jul-13,2.5374
08-Jul-13,2.5834
05-Jul-13,2.5845
04-Jul-13,2.4911
03-Jul-13,2.4961
02-Jul-13,2.4864
01-Jul-13,2.5161
28-Jun-13,2.5351
27-Jun-13,2.5052
26-Jun-13,2.5363
25-Jun-13,2.6049
24-Jun-13,2.6384
21-Jun-13,2.4929
20-Jun-13,2.396
19-Jun-13,2.2256
18-Jun-13,2.2364
17-Jun-13,2.1856
14-Jun-13,2.1676
13-Jun-13,2.2209
12-Jun-13,2.2512
11-Jun-13,2.2712
10-Jun-13,2.2274
07-Jun-13,2.1663
06-Jun-13,2.1281
05-Jun-13,2.1105
04-Jun-13,2.1347
03-Jun-13,2.0915
31-May-13,2.0944
30-May-13,2.0465
29-May-13,2.083
28-May-13,2.0382
24-May-13,1.979
23-May-13,1.9972
22-May-13,1.9802
21-May-13,2.0146
20-May-13,1.9953
17-May-13,1.9696
16-May-13,1.9535
15-May-13,2.0067
14-May-13,1.977
13-May-13,1.9583
10-May-13,1.9629
09-May-13,1.8626
08-May-13,1.8434
07-May-13,1.8694
03-May-13,1.8036
02-May-13,1.6924
01-May-13,1.7432
30-Apr-13,1.7478
29-Apr-13,1.7343
26-Apr-13,1.7647
25-Apr-13,1.8018
24-Apr-13,1.7698
23-Apr-13,1.7729
22-Apr-13,1.7306
19-Apr-13,1.7464
18-Apr-13,1.7487
17-Apr-13,1.7663
16-Apr-13,1.8088
15-Apr-13,1.7928
12-Apr-13,1.809
11-Apr-13,1.8491
10-Apr-13,1.8514
09-Apr-13,1.8033
08-Apr-13,1.7617
05-Apr-13,1.7052
04-Apr-13,1.7916
03-Apr-13,1.8275
02-Apr-13,1.8466
28-Mar-13,1.8401
27-Mar-13,1.8087
26-Mar-13,1.8555
25-Mar-13,1.8876
22-Mar-13,1.9163
21-Mar-13,1.9317
20-Mar-13,1.9325
19-Mar-13,1.9062
18-Mar-13,1.9682
15-Mar-13,2.0147
14-Mar-13,2.045
13-Mar-13,2.0443
12-Mar-13,2.0448
11-Mar-13,2.0848
08-Mar-13,2.121
07-Mar-13,2.0908
06-Mar-13,2.0367
05-Mar-13,2.0517
04-Mar-13,1.991
01-Mar-13,1.9638
28-Feb-13,2.0514
27-Feb-13,2.0441
26-Feb-13,2.0739
25-Feb-13,2.1872
22-Feb-13,2.1873
21-Feb-13,2.1906
20-Feb-13,2.2785
19-Feb-13,2.2554
18-Feb-13,2.2651
15-Feb-13,2.2668
14-Feb-13,2.2658
13-Feb-13,2.2711
12-Feb-13,2.1744
11-Feb-13,2.1592
08-Feb-13,2.1474
07-Feb-13,2.1565
06-Feb-13,2.1494
05-Feb-13,2.1684
04-Feb-13,2.1358
01-Feb-13,2.1331
31-Jan-13,2.1341
30-Jan-13,2.1561
29-Jan-13,2.1137
28-Jan-13,2.1371
25-Jan-13,2.0985
24-Jan-13,2.0573
23-Jan-13,2.0275
22-Jan-13,2.0546
21-Jan-13,2.0824
18-Jan-13,2.0443
17-Jan-13,2.0673
16-Jan-13,2.0286
15-Jan-13,2.0431
14-Jan-13,2.0553
11-Jan-13,2.107
10-Jan-13,2.1099
09-Jan-13,2.0474
08-Jan-13,2.0484
07-Jan-13,2.1075
04-Jan-13,2.1426
03-Jan-13,2.085
02-Jan-13,2.0017
31-Dec-12,1.8378
28-Dec-12,1.8322
27-Dec-12,1.8356
24-Dec-12,1.9183
21-Dec-12,1.9164
20-Dec-12,1.9574
19-Dec-12,1.9789
18-Dec-12,1.9599
17-Dec-12,1.8898
14-Dec-12,1.8717
13-Dec-12,1.8619
12-Dec-12,1.8253
11-Dec-12,1.8045
10-Dec-12,1.7749
07-Dec-12,1.7411
06-Dec-12,1.7396
05-Dec-12,1.7515
04-Dec-12,1.7901
03-Dec-12,1.8004
30-Nov-12,1.7501
29-Nov-12,1.7529
28-Nov-12,1.7482
27-Nov-12,1.8293
26-Nov-12,1.8201
23-Nov-12,1.8244
22-Nov-12,1.8219
21-Nov-12,1.8363
20-Nov-12,1.8312
19-Nov-12,1.7632
16-Nov-12,1.7162
15-Nov-12,1.7272
14-Nov-12,1.7385
13-Nov-12,1.6961
12-Nov-12,1.7011
09-Nov-12,1.7107
08-Nov-12,1.7473
07-Nov-12,1.7367
06-Nov-12,1.7926
05-Nov-12,1.7989
02-Nov-12,1.8382
01-Nov-12,1.8482
31-Oct-12,1.8304
30-Oct-12,1.8031
29-Oct-12,1.7756
26-Oct-12,1.8445
25-Oct-12,1.8971
24-Oct-12,1.829
23-Oct-12,1.8078
22-Oct-12,1.8823
19-Oct-12,1.8648
18-Oct-12,1.8829
17-Oct-12,1.8839
16-Oct-12,1.7853
15-Oct-12,1.7164
12-Oct-12,1.6929
11-Oct-12,1.7436
10-Oct-12,1.7315
09-Oct-12,1.6868
08-Oct-12,1.687
05-Oct-12,1.7283
04-Oct-12,1.6603
03-Oct-12,1.6482
02-Oct-12,1.6776
01-Oct-12,1.6986
28-Sep-12,1.6637
27-Sep-12,1.668
26-Sep-12,1.6287
25-Sep-12,1.7713
24-Sep-12,1.764
21-Sep-12,1.7865
20-Sep-12,1.7367
19-Sep-12,1.7797
18-Sep-12,1.8302
17-Sep-12,1.8719
14-Sep-12,1.9042
13-Sep-12,1.7588
12-Sep-12,1.7855
11-Sep-12,1.6875
10-Sep-12,1.689
07-Sep-12,1.6443
06-Sep-12,1.668
05-Sep-12,1.602
04-Sep-12,1.5905
03-Sep-12,1.6143
31-Aug-12,1.6
30-Aug-12,1.571
29-Aug-12,1.6217
28-Aug-12,1.6038
24-Aug-12,1.6352
23-Aug-12,1.676
22-Aug-12,1.7296
21-Aug-12,1.8051
20-Aug-12,1.7548
17-Aug-12,1.7649
16-Aug-12,1.78
15-Aug-12,1.7753
14-Aug-12,1.6994
13-Aug-12,1.6642
10-Aug-12,1.6408
09-Aug-12,1.7119
08-Aug-12,1.6732
07-Aug-12,1.6846
06-Aug-12,1.6039
03-Aug-12,1.6513
02-Aug-12,1.5511
01-Aug-12,1.6183
31-Jul-12,1.575
30-Jul-12,1.6481
27-Jul-12,1.6421
26-Jul-12,1.584
25-Jul-12,1.5605
24-Jul-12,1.5687
23-Jul-12,1.5756
20-Jul-12,1.5842
19-Jul-12,1.6219
18-Jul-12,1.5763
17-Jul-12,1.6017
16-Jul-12,1.6059
13-Jul-12,1.6501
12-Jul-12,1.63
11-Jul-12,1.659
10-Jul-12,1.6849
09-Jul-12,1.6826
06-Jul-12,1.7066
05-Jul-12,1.7586
04-Jul-12,1.8142
03-Jul-12,1.8376
02-Jul-12,1.7826
29-Jun-12,1.8224
28-Jun-12,1.7273
27-Jun-12,1.7701
26-Jun-12,1.7727
25-Jun-12,1.7613
22-Jun-12,1.8054
21-Jun-12,1.774
20-Jun-12,1.8394
19-Jun-12,1.8207
18-Jun-12,1.7626
15-Jun-12,1.7764
14-Jun-12,1.8215
13-Jun-12,1.8464
12-Jun-12,1.7797
11-Jun-12,1.7191
08-Jun-12,1.7082
07-Jun-12,1.7907
06-Jun-12,1.7224
01-Jun-12,1.6064
31-May-12,1.6511
30-May-12,1.7295
29-May-12,1.8606
28-May-12,1.8395
25-May-12,1.8408
24-May-12,1.8579
23-May-12,1.8554
22-May-12,1.9491
21-May-12,1.9189
18-May-12,1.9044
17-May-12,1.9255
16-May-12,1.9461
15-May-12,1.9615
14-May-12,1.953
11-May-12,2.0338
10-May-12,2.0473
09-May-12,1.9724
08-May-12,1.9945
04-May-12,2.0748
03-May-12,2.1115
02-May-12,2.1175
01-May-12,2.17
30-Apr-12,2.2154
27-Apr-12,2.2248
26-Apr-12,2.202
25-Apr-12,2.2324
24-Apr-12,2.2113
23-Apr-12,2.217
20-Apr-12,2.2661
19-Apr-12,2.2505
18-Apr-12,2.2224
17-Apr-12,2.1883
16-Apr-12,2.1269
13-Apr-12,2.1236
12-Apr-12,2.181
11-Apr-12,2.1414
10-Apr-12,2.0998
05-Apr-12,2.2548
04-Apr-12,2.3018
03-Apr-12,2.2623
02-Apr-12,2.3002
30-Mar-12,2.2792
29-Mar-12,2.2757
28-Mar-12,2.2898
27-Mar-12,2.3315
26-Mar-12,2.402
23-Mar-12,2.3619
22-Mar-12,2.3999
21-Mar-12,2.4469
20-Mar-12,2.5029
19-Mar-12,2.4946
16-Mar-12,2.5236
15-Mar-12,2.45
14-Mar-12,2.3999
13-Mar-12,2.2397
12-Mar-12,2.1655
09-Mar-12,2.2234
08-Mar-12,2.2137
07-Mar-12,2.2073
06-Mar-12,2.192
05-Mar-12,2.2312
02-Mar-12,2.199
01-Mar-12,2.276
29-Feb-12,2.1951
28-Feb-12,2.1351
27-Feb-12,2.1416
24-Feb-12,2.166
23-Feb-12,2.1913
22-Feb-12,2.2267
21-Feb-12,2.2989
20-Feb-12,2.322
17-Feb-12,2.2745
16-Feb-12,2.2107
15-Feb-12,2.1648
14-Feb-12,2.1807
13-Feb-12,2.2148
10-Feb-12,2.2194
09-Feb-12,2.3183
08-Feb-12,2.274
07-Feb-12,2.2936
06-Feb-12,2.24
03-Feb-12,2.2517
02-Feb-12,2.17
01-Feb-12,2.1119
31-Jan-12,2.043
30-Jan-12,2.0677
27-Jan-12,2.136
26-Jan-12,2.163
25-Jan-12,2.2234
24-Jan-12,2.2441
23-Jan-12,2.2357
20-Jan-12,2.1711
19-Jan-12,2.1209
18-Jan-12,2.0241
17-Jan-12,2.0315
16-Jan-12,2.0389
13-Jan-12,2.0385
12-Jan-12,2.0848
11-Jan-12,2.069
10-Jan-12,2.1249
09-Jan-12,2.0632
06-Jan-12,2.0935
05-Jan-12,2.1211
04-Jan-12,2.1176
03-Jan-12,2.1054
30-Dec-11,2.0604
29-Dec-11,2.0446
28-Dec-11,2.1011
23-Dec-11,2.1245
22-Dec-11,2.1229
21-Dec-11,2.117
20-Dec-11,2.1673
19-Dec-11,2.1454
16-Dec-11,2.1188
15-Dec-11,2.1825
14-Dec-11,2.1559
13-Dec-11,2.1792
12-Dec-11,2.1553
09-Dec-11,2.2146
08-Dec-11,2.1739
07-Dec-11,2.2707
06-Dec-11,2.2671
05-Dec-11,2.3867
02-Dec-11,2.3483
01-Dec-11,2.32
30-Nov-11,2.3467
29-Nov-11,2.2789
28-Nov-11,2.3075
25-Nov-11,2.3571
24-Nov-11,2.2336
23-Nov-11,2.2181
22-Nov-11,2.2441
21-Nov-11,2.2714
18-Nov-11,2.3183
17-Nov-11,2.2823
16-Nov-11,2.2181
15-Nov-11,2.1944
14-Nov-11,2.2571
11-Nov-11,2.3493
10-Nov-11,2.2528
09-Nov-11,2.2348
08-Nov-11,2.3157
07-Nov-11,2.3416
04-Nov-11,2.375
03-Nov-11,2.418
02-Nov-11,2.3354
01-Nov-11,2.2672
31-Oct-11,2.4896
28-Oct-11,2.6721
27-Oct-11,2.6486
26-Oct-11,2.4845
25-Oct-11,2.5451
24-Oct-11,2.5921
21-Oct-11,2.5774
20-Oct-11,2.5139
19-Oct-11,2.5163
18-Oct-11,2.4842
17-Oct-11,2.5669
14-Oct-11,2.6384
13-Oct-11,2.579
12-Oct-11,2.6654
11-Oct-11,2.5856
10-Oct-11,2.5707
07-Oct-11,2.491
06-Oct-11,2.4286
05-Oct-11,2.3893
04-Oct-11,2.2913
03-Oct-11,2.3789
30-Sep-11,2.4559
29-Sep-11,2.5616
28-Sep-11,2.5446
27-Sep-11,2.579
26-Sep-11,2.461
23-Sep-11,2.4088
22-Sep-11,2.3785
21-Sep-11,2.4566
20-Sep-11,2.435
19-Sep-11,2.4276
16-Sep-11,2.5166
15-Sep-11,2.5484
14-Sep-11,2.4432
13-Sep-11,2.4148
12-Sep-11,2.4078
09-Sep-11,2.4852
08-Sep-11,2.5865
07-Sep-11,2.5602
06-Sep-11,2.5036
05-Sep-11,2.5109
02-Sep-11,2.6568
01-Sep-11,2.7462
31-Aug-11,2.8216
30-Aug-11,2.7131
26-Aug-11,2.7081
25-Aug-11,2.7013
24-Aug-11,2.7127
23-Aug-11,2.6184
22-Aug-11,2.6212
19-Aug-11,2.6172
18-Aug-11,2.54
17-Aug-11,2.6891
16-Aug-11,2.7969
15-Aug-11,2.7787
12-Aug-11,2.777
11-Aug-11,2.7408
10-Aug-11,2.7378
09-Aug-11,2.9426
08-Aug-11,2.8846
05-Aug-11,2.9301
04-Aug-11,2.9065
03-Aug-11,2.9646
02-Aug-11,2.9965
01-Aug-11,3.0348
29-Jul-11,3.0773
28-Jul-11,3.1709
27-Jul-11,3.1834
26-Jul-11,3.2582
25-Jul-11,3.225
22-Jul-11,3.2946
21-Jul-11,3.3663
20-Jul-11,3.2742
19-Jul-11,3.2513
18-Jul-11,3.2291
15-Jul-11,3.2727
14-Jul-11,3.298
13-Jul-11,3.3101
12-Jul-11,3.2736
11-Jul-11,3.2691
08-Jul-11,3.3706
07-Jul-11,3.4728
06-Jul-11,3.416
05-Jul-11,3.4935
04-Jul-11,3.5279
01-Jul-11,3.5536
30-Jun-11,3.5433
29-Jun-11,3.4986
28-Jun-11,3.4297
27-Jun-11,3.3391
24-Jun-11,3.3178
23-Jun-11,3.3279
22-Jun-11,3.3745
21-Jun-11,3.4055
20-Jun-11,3.3851
17-Jun-11,3.376
16-Jun-11,3.3573
15-Jun-11,3.4239
14-Jun-11,3.4568
13-Jun-11,3.4165
10-Jun-11,3.3892
09-Jun-11,3.4371
08-Jun-11,3.4516
07-Jun-11,3.4907
06-Jun-11,3.432
03-Jun-11,3.4367
02-Jun-11,3.4144
01-Jun-11,3.4141
31-May-11,3.4583
27-May-11,3.4515
26-May-11,3.4626
25-May-11,3.4778
24-May-11,3.4998
23-May-11,3.4629
20-May-11,3.4985
19-May-11,3.5364
18-May-11,3.5175
17-May-11,3.5098
16-May-11,3.528
13-May-11,3.5155
12-May-11,3.5123
11-May-11,3.5733
10-May-11,3.5136
09-May-11,3.497
06-May-11,3.5238
05-May-11,3.5178
04-May-11,3.5097
03-May-11,3.5399
28-Apr-11,3.603
27-Apr-11,3.6814
26-Apr-11,3.609
21-Apr-11,3.6553
20-Apr-11,3.6912
19-Apr-11,3.6753
18-Apr-11,3.6628
15-Apr-11,3.7064
14-Apr-11,3.7921
13-Apr-11,3.8109
12-Apr-11,3.8007
11-Apr-11,3.9202
08-Apr-11,3.9086
07-Apr-11,3.8483
06-Apr-11,3.8538
05-Apr-11,3.8561
04-Apr-11,3.8136
01-Apr-11,3.8249
31-Mar-11,3.7882
30-Mar-11,3.7751
29-Mar-11,3.7355
28-Mar-11,3.728
25-Mar-11,3.7099
24-Mar-11,3.6968
23-Mar-11,3.6578
22-Mar-11,3.7094
21-Mar-11,3.6506
18-Mar-11,3.6267
17-Mar-11,3.6693
16-Mar-11,3.5885
15-Mar-11,3.6495
14-Mar-11,3.6789
11-Mar-11,3.7307
10-Mar-11,3.7632
09-Mar-11,3.8427
08-Mar-11,3.8554
07-Mar-11,3.8165
04-Mar-11,3.8078
03-Mar-11,3.8826
02-Mar-11,3.8208
01-Mar-11,3.8033
28-Feb-11,3.7765
25-Feb-11,3.7919
24-Feb-11,3.804
23-Feb-11,3.7824
22-Feb-11,3.7907
21-Feb-11,3.8397
18-Feb-11,3.9125
17-Feb-11,3.8705
16-Feb-11,3.9246
15-Feb-11,3.9507
14-Feb-11,3.9321
11-Feb-11,3.9444
10-Feb-11,3.9782
09-Feb-11,3.9828
08-Feb-11,3.9347
07-Feb-11,3.923
04-Feb-11,3.9149
03-Feb-11,3.8632
02-Feb-11,3.8538
01-Feb-11,3.828
31-Jan-11,3.7599
28-Jan-11,3.7824
27-Jan-11,3.8072
26-Jan-11,3.8005
25-Jan-11,3.7473
24-Jan-11,3.7817
21-Jan-11,3.8006
20-Jan-11,3.8008
19-Jan-11,3.7494
18-Jan-11,3.7657
17-Jan-11,3.7254
14-Jan-11,3.7176
13-Jan-11,3.7231
12-Jan-11,3.7496
11-Jan-11,3.6844
10-Jan-11,3.6242
07-Jan-11,3.6371
06-Jan-11,3.6517
05-Jan-11,3.6685
04-Jan-11,3.5679
31-Dec-10,3.5154
30-Dec-10,3.5854
29-Dec-10,3.6728
24-Dec-10,3.6091
23-Dec-10,3.5973
22-Dec-10,3.6142
21-Dec-10,3.6098
20-Dec-10,3.5842
17-Dec-10,3.6671
16-Dec-10,3.7352
15-Dec-10,3.7193
14-Dec-10,3.7136
13-Dec-10,3.6651
10-Dec-10,3.6222
09-Dec-10,3.6104
08-Dec-10,3.6547
07-Dec-10,3.5799
06-Dec-10,3.5166
03-Dec-10,3.5334
02-Dec-10,3.5245
01-Dec-10,3.4766
30-Nov-10,3.3511
29-Nov-10,3.4571
26-Nov-10,3.4603
25-Nov-10,3.4782
24-Nov-10,3.4515
23-Nov-10,3.3798
22-Nov-10,3.4429
19-Nov-10,3.4966
18-Nov-10,3.4935
17-Nov-10,3.379
16-Nov-10,3.4079
15-Nov-10,3.3741
12-Nov-10,3.3029
11-Nov-10,3.2579
10-Nov-10,3.2636
09-Nov-10,3.1474
08-Nov-10,3.1156
05-Nov-10,3.093
04-Nov-10,3.071
03-Nov-10,3.1142
02-Nov-10,3.1461
01-Nov-10,3.1578
29-Oct-10,3.1897
28-Oct-10,3.2531
27-Oct-10,3.2565
26-Oct-10,3.16
25-Oct-10,3.0318
22-Oct-10,3.0568
21-Oct-10,3.0416
20-Oct-10,3.0932
19-Oct-10,3.1113
18-Oct-10,3.074
15-Oct-10,3.0538
14-Oct-10,2.9919
13-Oct-10,2.9906
12-Oct-10,2.9608
11-Oct-10,2.9946
08-Oct-10,2.9752
07-Oct-10,3.0349
06-Oct-10,3.0048
05-Oct-10,3.0654
04-Oct-10,3.0305
01-Oct-10,3.0683
30-Sep-10,3.0457
29-Sep-10,3.0069
28-Sep-10,3.0343
27-Sep-10,3.0789
24-Sep-10,3.1421
23-Sep-10,3.0568
22-Sep-10,3.079
21-Sep-10,3.225
20-Sep-10,3.2612
17-Sep-10,3.2347
16-Sep-10,3.247
15-Sep-10,3.1863
14-Sep-10,3.1645
13-Sep-10,3.2239
10-Sep-10,3.2289
09-Sep-10,3.1588
08-Sep-10,3.0991
07-Sep-10,3.0221
06-Sep-10,3.0906
03-Sep-10,3.1127
02-Sep-10,3.0623
01-Sep-10,3.035
31-Aug-10,2.94
27-Aug-10,3.0007
26-Aug-10,2.9921
25-Aug-10,3.0049
24-Aug-10,3.0439
23-Aug-10,3.1381
20-Aug-10,3.1435
19-Aug-10,3.1732
18-Aug-10,3.1914
17-Aug-10,3.2236
16-Aug-10,3.2089
13-Aug-10,3.2791
12-Aug-10,3.2716
11-Aug-10,3.3023
10-Aug-10,3.411
09-Aug-10,3.4025
06-Aug-10,3.384
05-Aug-10,3.3892
04-Aug-10,3.4496
03-Aug-10,3.4393
02-Aug-10,3.5034
30-Jul-10,3.48
29-Jul-10,3.5591
28-Jul-10,3.6146
27-Jul-10,3.6406
26-Jul-10,3.59
23-Jul-10,3.5708
22-Jul-10,3.5016
21-Jul-10,3.4925
20-Jul-10,3.4922
19-Jul-10,3.4885
16-Jul-10,3.4724
15-Jul-10,3.5085
14-Jul-10,3.5265
13-Jul-10,3.5003
12-Jul-10,3.4635
09-Jul-10,3.4554
08-Jul-10,3.4944
07-Jul-10,3.485
06-Jul-10,3.4756
05-Jul-10,3.4489
02-Jul-10,3.4867
01-Jul-10,3.4432
30-Jun-10,3.4867
29-Jun-10,3.5301
28-Jun-10,3.5169
25-Jun-10,3.5198
24-Jun-10,3.521
23-Jun-10,3.5668
22-Jun-10,3.5844
21-Jun-10,3.6288
18-Jun-10,3.6585
17-Jun-10,3.608
16-Jun-10,3.6509
15-Jun-10,3.661
14-Jun-10,3.654
11-Jun-10,3.5704
10-Jun-10,3.6524
09-Jun-10,3.6211
08-Jun-10,3.5692
07-Jun-10,3.5938
04-Jun-10,3.616
03-Jun-10,3.6862
02-Jun-10,3.6451
01-Jun-10,3.6732
28-May-10,3.6744
27-May-10,3.6903
26-May-10,3.6321
25-May-10,3.5378
24-May-10,3.6132
21-May-10,3.6125
20-May-10,3.6301
19-May-10,3.7299
18-May-10,3.8174
17-May-10,3.8117
14-May-10,3.8231
13-May-10,3.8998
12-May-10,3.902
11-May-10,3.9354
10-May-10,3.9705
07-May-10,3.8855
06-May-10,3.8503
05-May-10,3.8612
04-May-10,3.8896
30-Apr-10,3.9632
29-Apr-10,4.0531
28-Apr-10,4.0448
27-Apr-10,4.0652
26-Apr-10,4.1051
23-Apr-10,4.1456
22-Apr-10,4.0878
21-Apr-10,4.1262
20-Apr-10,4.1288
19-Apr-10,4.1037
16-Apr-10,4.0954
15-Apr-10,4.1422
14-Apr-10,4.1307
13-Apr-10,4.1266
12-Apr-10,4.1549
09-Apr-10,4.1528
08-Apr-10,4.1093
07-Apr-10,4.1511
06-Apr-10,4.1053
01-Apr-10,4.0229
31-Mar-10,4.0276
30-Mar-10,4.0748
29-Mar-10,4.0582
26-Mar-10,4.123
25-Mar-10,4.1129
24-Mar-10,4.0458
23-Mar-10,3.9984
22-Mar-10,4.0053
19-Mar-10,4.035
18-Mar-10,4.0637
17-Mar-10,4.0808
16-Mar-10,4.0987
15-Mar-10,4.1336
12-Mar-10,4.1653
11-Mar-10,4.2075
10-Mar-10,4.1414
09-Mar-10,4.1112
08-Mar-10,4.1597
05-Mar-10,4.1074
04-Mar-10,4.0579
03-Mar-10,4.0874
02-Mar-10,4.0762
01-Mar-10,4.1321
26-Feb-10,4.0815
25-Feb-10,4.0852
24-Feb-10,4.0702
23-Feb-10,4.1544
22-Feb-10,4.1932
19-Feb-10,4.231
18-Feb-10,4.1561
17-Feb-10,4.0946
16-Feb-10,4.1003
15-Feb-10,4.1272
12-Feb-10,4.1036
11-Feb-10,4.0828
10-Feb-10,3.9807
09-Feb-10,4.0138
08-Feb-10,4.0036
05-Feb-10,3.9395
04-Feb-10,3.9543
03-Feb-10,3.9667
02-Feb-10,3.9664
01-Feb-10,3.9427
29-Jan-10,3.9523
28-Jan-10,3.9874
27-Jan-10,3.9171
26-Jan-10,3.926
25-Jan-10,3.964
22-Jan-10,3.9691
21-Jan-10,3.9728
20-Jan-10,4.053
19-Jan-10,4.0643
18-Jan-10,3.9705
15-Jan-10,3.9686
14-Jan-10,4.0138
13-Jan-10,3.9882
12-Jan-10,3.9658
11-Jan-10,4.016
08-Jan-10,4.0954
07-Jan-10,4.0845
06-Jan-10,4.0886
05-Jan-10,4.054
04-Jan-10,3.9979
